x,y,z,roll,pitch,yaw,source,joint1_5,joint2_5,joint3_5,joint4_5,joint1_6,joint2_6,joint3_6,joint4_6,joint5_roll_6,reachable_by_6dof
-0.041600301249545,-0.1764793104123486,-0.0476189162196186,4.440892098500626e-16,1.2147443122649275,-1.8656624878342107,5dof,-1.865662487834212,0.3606901576042685,0.5817472266793291,0.2723069279813301,-1.8656632086474805,0.0980188010787876,0.6316328166338957,0.4850927015189287,-6.761181919133408e-07,True
-0.2903499608500712,-0.0600091069229149,0.0352178078420871,0.0,0.8611371779226569,-2.9456632375409324,5dof,-2.945663237540933,0.7204481810927725,-0.6473137593501974,0.788002756180082,-2.9456629124937184,0.4805529209046923,-0.4345993616965536,0.8151836240813048,2.4697830522145374e-07,True
-0.1050209021890149,-0.3266017335560477,0.0337070326969779,1.1102230246251563e-16,0.4980470489310393,-1.9148447813272769,5dof,-1.9148447813272769,0.8987359323060087,-0.6832561992749754,0.2825673159000059,-1.9148447879511576,0.5837078123766956,-0.2280509375404505,0.1423901740956089,-3.164302934497486e-09,True
0.0458229867588923,0.0824734073411055,0.4117385723530424,3.141592653589793,-0.9540541566863612,1.1816068217905835,5dof,-1.9599858317992096,-0.4290545823667266,-1.0191670346029178,-0.7393168799337875,1.1816085983422684,-0.6937428243275886,-0.3693735885448908,0.1090531183030979,-3.141592654,True
0.1983959803014755,0.0426180937866234,0.2149314404041594,1.3877787807814457e-17,-0.6868040985326201,0.2247789693475139,5dof,0.2247789693475139,-0.3250003713635734,0.7704220163952238,-1.1322257435642706,0.2247789844816125,-0.4446572602854933,1.0599855184745277,-1.302132356744476,-9.60299861284476e-09,True
0.0116156521417191,-0.1847795790108124,0.3610141013090882,-1.1102230246251563e-16,-0.9026488605525534,-1.5728763580734646,5dof,-1.5728763580734646,-0.1382011147710289,-0.4864993660503591,-0.2779483797311652,-1.572876357931328,-0.4012460173843445,-0.0059093291447082,-0.49549351402436,-1.1154340264218491e-10,True
-0.2685685500523628,-0.1471166024612663,0.045881533423363,0.0,-0.4353685196371166,-2.658653991535271,5dof,-2.658653991535272,1.143974668394855,-0.233943742405086,-1.3453994456268856,-2.6586538884682898,1.1207479658259936,0.0657961322324387,-1.621912618277242,-6.299451772813714e-08,True
-0.0571831107525915,0.1576040859062941,-0.0374591828685568,2.220446049250313e-16,0.6846940094484668,1.984438050461664,5dof,1.9844380504616632,0.4248599961432271,1.1468078829888055,-0.8869738696835662,1.9844380504616737,0.0514119841316573,1.373518290323127,-0.7402362650063168,5.303169587742406e-15,True
-0.0123808742090468,-0.1360565363912448,0.0433816737048762,3.3306690738754696e-16,0.9615108949135256,-1.7481110084391809,5dof,-1.7481110084391809,-0.6116486081642732,0.867380742022307,0.7057787610554918,-1.7481104738229634,-0.8150765039038864,0.7389539246566287,1.0376334846940996,5.567655816188625e-07,True
0.188393709924976,-0.0591756884966069,0.001625408268465,0.0,0.8003704848054216,-0.3236768585165577,5dof,-0.3236768585165577,-0.031225928833199,0.9184785615283744,-0.0868821478897536,-0.3236770530944188,-0.3924909444366575,1.0007923044505451,0.1920692476338867,-3.6500678373248883e-07,True
0.1708075538329282,-0.2421089196402039,-0.0938652243125711,5.551115123125783e-17,0.726030854262647,-0.9902606456473052,5dof,-0.9902606456473052,1.1286698793949226,-0.151480766584225,-0.2511582585480507,-0.990260665246016,0.8803279883669176,0.2192049017944921,-0.3735020358987462,-1.3011718829373692e-08,True
0.2925084839265698,-0.0545428528028872,-0.0799108266931309,1.3877787807814457e-17,0.6694695058873554,-0.1920464250256306,5dof,-0.1920464250256306,1.0357553872715446,-0.0130402454157829,-0.3532456359684059,-0.1920464091607004,0.7992251364907783,0.3370308859679418,-0.4667865165742987,9.951993006130902e-09,True
0.0853170781585681,-0.2142896372187889,-0.0362712206355441,3.141592653589792,1.5520992907847453,1.900451921790622,5dof,-1.2411407317991705,0.8329277090330671,-0.5202551481361223,1.276820801908103,-1.2411392389078493,0.7660243049023032,-0.6698433399257665,1.493312394648099,1.4926547347379618e-06,True
-0.0723846800720779,-0.0370794943231442,-0.0268587314573645,-1.1102230246251563e-15,1.5453605575609464,-2.72757997040265,5dof,-2.7275799704026498,-0.152608302319527,0.971405477401571,0.7265633824789026,-2.7275802749150606,-0.3626656828960466,0.8231090682651273,1.0849172423646944,-3.041679694946661e-07,True
-0.0934521899853459,-0.1189719914379007,-0.0608325065564272,2.220446049250313e-16,0.7868524072729,-2.296025029426188,5dof,-2.296025029426188,0.6155669367520638,1.145823952268501,-0.9745384817476648,-2.296025029426166,0.2874389232098213,1.3879195785611895,-0.8885060944981109,1.447790986686738e-14,True
0.2655820823143031,0.0364686356840105,0.0767933465540579,-2.775557561562892e-17,0.9309148291540152,0.1428345795635652,5dof,0.1428345795635652,0.2673562079407097,-0.2774709072609331,0.9410295284742388,0.1428345893120824,0.1165379825814388,-0.2858610870755721,1.1002379338300914,9.29568343055592e-09,True
0.3037612322852741,0.0187479553714412,0.0967176726409868,1.3877787807814457e-17,0.9011537021690544,0.0641696467587889,5dof,0.0641696467587888,0.756133010647881,-1.2552675614930584,1.4002882530142318,0.0641696152316002,0.5710278191479113,-1.1471483611131268,1.477274244368725,-2.505896458073665e-08,True
-0.0702514169965621,0.1094874902997158,-0.0073678922107145,2.220446049250313e-16,0.8929050402905987,2.2150907664359742,5dof,2.2150907664359742,-0.3280780355869828,1.2345999374866323,-0.013616861609051,2.215090719841777,-0.8257179505767637,1.2150128833971687,0.5036101120073064,-3.612447849639283e-08,True
-0.2144143672181174,0.2393575753700872,-0.0517264243841324,2.220446049250313e-16,0.6619162648727022,2.3284129154068225,5dof,2.3284129154068225,1.125987247913724,-0.5532966189210289,0.0892256358800069,2.3284129198883745,0.8292522827221678,-0.1072577989102443,-0.0600782189391156,2.7544950424136582e-09,True
0.0669201053452237,0.023324696147952,-0.1295637372723418,-3.141592653589793,1.168180477876562,-2.7399741709095737,5dof,0.4016184826802198,0.9883399192849932,0.6717557110312096,0.3133165453970281,0.4016184830339949,0.7226070848892158,0.6901917581192509,0.5606133326907538,3.254226239880131e-10,True
0.2768169112288283,0.241729629079463,0.1281513469765975,3.141592653589793,0.2120407696786843,0.7398518739198203,5dof,-2.401740779669973,-1.4225784954263068,-1.2815718766207929,-0.6494830512213776,0.7398518776274347,0.4629434935752989,-0.4501203064647416,0.1992175825733092,3.1415926539547896,True
0.0138643483887552,-0.0396434315129805,0.0794127426992812,-4.440892098500626e-16,0.9737859139039662,-1.523803023620199,5dof,-1.5238030236201985,-1.4329651987011265,0.7022457662112029,1.7045053463938895,-1.523802073694703,-1.3643542083242384,0.3971320245383178,1.941008388844479,9.322347858606046e-07,True
-0.1443664082752096,0.2869154577445542,0.2291741145646526,3.141592653589793,-0.1181724841813958,2.069785901555312,5dof,-1.0718067520344814,-1.1113387867185132,-1.3649513898061203,-0.5471299928837638,2.069785909765453,0.1921659921755467,-0.434917373285179,0.12457889692129,3.141592652621837,True
-0.2459774428884655,-0.0225264059813886,0.1484160453792968,0.0,0.5767220930315102,-3.054494284895984,5dof,-3.054494284895984,0.0746316540167471,-0.3337057615770094,0.8357962005917725,-3.054494273916436,-0.1075143439813317,-0.2729860691172511,0.9572225061362848,5.996377294255448e-09,True
-0.0975428046790187,-0.1508697250334086,0.0788101117806605,0.0,1.0285952665009428,-2.1988090882226343,5dof,-2.1988090882226348,-0.2048493449201667,0.2287810255719593,1.0046635858491502,-2.1988087288633884,-0.31572729381644,0.0978124867635604,1.246510073647623,3.077977838737607e-07,True
-0.1539175710353861,0.3099986626774698,0.0044967482048638,0.0,0.6734892721953014,2.06222157798194,5dof,2.06222157798194,1.3029900246508332,-1.4068758068639604,0.7773750544084288,2.062221556152822,0.7745022737939407,-0.528255505476292,0.4272425039036731,-1.3615861943916329e-08,True
0.1482049678559752,0.1055702978267527,-0.0415538236388171,-5.551115123125783e-17,1.1188167568264236,0.659362575607612,5dof,0.659362575607612,0.2388855827494322,0.7924841187647562,0.0874470553122348,0.6593626066767632,-0.0751642671970951,0.8529480330413698,0.341032991003247,2.794963572489433e-08,True
0.0161621223826168,-0.2135515483292296,0.1645884688798151,0.0,0.5130012281220813,-1.551308781391937,5dof,-1.551308781391937,-0.2960236681763282,-0.0111620338355371,0.8201869301339466,-1.5513087814186628,-0.457531512895066,-0.0285994899174538,0.9991322309346948,-1.3116008402720662e-11,True
0.0493044367832826,0.1057591931860159,-0.0465214015732546,-4.440892098500626e-16,1.1715487396815645,1.2316915382375917,5dof,1.231691538237592,0.0041894357859728,1.249800479264847,-0.0824411753692555,1.231691514973274,-0.5204160814118877,1.2435496764067728,0.4484151485468114,-2.1488215968227963e-08,True
-0.2938087207153229,-0.0676963452488039,0.0840346279516538,0.0,-0.5426601151116133,-2.9237376278363887,5dof,-2.923737627836389,0.9932532220697854,-0.1774035818478332,-1.3585097553335657,-2.9237376276677725,0.973537479942516,0.1170088857946537,-1.6332064808487845,-1.16198274055732e-10,True
-0.2683512803346829,0.1225063894146968,0.2559881351331942,0.0,-0.2007549464694438,2.729623286049004,5dof,2.729623286049004,0.4602957725230863,-1.0344337488548967,0.3733830298623661,2.729623264174153,0.0608607029793914,-0.3755371590917819,0.1139215096421297,4.3622612286858e-09,True
-0.3541604042505408,-0.0929296477864706,0.0514434700465897,0.0,0.0192103909868486,-2.893045509566922,5dof,-2.8930455095669223,1.2743577291420412,-1.1117564559259667,-0.143390882229226,-2.893045533520351,0.8850521807843524,-0.3096842628152862,-0.5561575269818965,-4.5885843154670604e-10,True
0.3071833021700066,-0.2091913128530104,0.137686307263513,-5.551115123125783e-17,-0.0298635503397304,-0.6165295708509932,5dof,-0.616529570850993,0.851737141761701,-0.9176850334753036,0.036084341373872,-0.6165296132056807,0.4916694767771357,-0.2631999437585898,-0.2583330833422964,8.243975725746821e-10,True
-0.0605749213306778,0.0544844925430941,0.1380222694313704,-2.220446049250313e-16,0.414945938091819,2.4976216722268827,5dof,2.4976216722268827,-1.3595581282973177,0.6686902124364025,1.105813853952734,2.4976216731549035,-1.446554241717489,0.4641718107098864,1.3973283691066256,6.302760239988945e-10,True
0.31466256142491,-0.1794180508541211,0.1847581331089418,3.141592653589793,-0.1607662152788704,-0.5351077908648307,5dof,2.6064848627249626,-1.4890598916459712,-1.0456515057079052,-0.4461150409570462,-0.5351077857588017,0.3891460776558914,-0.3116275168068317,-0.2382847761279358,3.1415926523428204,True
0.2732477341859881,0.2623339158286761,0.0041466166759277,-5.551115123125783e-17,0.3994092025983955,0.7874726824041456,5dof,0.7874726824041454,1.4164695286042497,-1.3977910976965466,0.3807307716906927,0.7874726510463966,0.8709631122787154,-0.389586607638016,-0.0819673020113399,-1.2197348189324973e-08,True
-0.2017445108163387,-0.0793670502392274,0.3211556699438841,2.220446049250313e-16,-1.0246746354049527,-2.786054490291633,5dof,-2.786054490291633,0.1468160355560248,-0.3984215765888887,-0.7730690943720889,-2.786054426110945,-0.0218318820386378,0.047138081001041,-1.0499808343842243,-5.4861033610126777e-08,True
-0.2421711729827598,-0.0498519487352469,0.0961604242434384,0.0,0.8186619774841017,-2.947915862278496,5dof,-2.9479158622784967,0.2020197887068069,-0.2672948380836111,0.8839370268609057,-2.9479158400991152,0.0378675872629175,-0.2502084627323593,1.0310028529571087,1.619614957373576e-08,True
0.0750126587888981,0.0893963457855802,0.185562616107928,0.0,0.1666559457800218,0.956810450621818,5dof,0.956810450621818,-1.2031430949403954,0.5169971434077323,0.8528018973126847,0.9568104506141234,-1.3505995810385758,0.3968014780085012,1.1204540488101318,-1.379108749447893e-12,True
0.2583713924769447,0.10041202237759,0.0930732165549821,0.0,-0.0127037231053492,0.387009705860218,5dof,0.3870097058602182,0.2261101944771506,0.5559576805690551,-0.7947715981515552,0.3870097032532096,0.0290748773737955,0.8525665370998272,-0.8943451375784798,5.921447986011908e-11,True
-0.1623361998978573,-0.2851371319906992,0.1950657275101515,4.440892098500626e-16,-0.845318246565903,-2.1195646100651526,5dof,-2.119564610065153,1.1796197656525256,-1.2982725678893974,-0.7266654443290312,-2.119564603645018,0.8764964529472601,-0.4857822486226764,-1.236032450891325,-4.803431391886615e-09,True
-0.0032202031433647,0.2574469813415594,-0.1393404721386325,0.0,0.8964801482570612,1.6298473511324645,5dof,1.6298473511324645,1.283907185361134,-0.1252169399519278,-0.262210097152145,1.629847346951687,1.0371340380225889,0.2399598000478499,-0.3806136897482244,5.647095562140535e-08,True
0.0772065480965606,0.2925821195574328,0.1673840748418553,1.1102230246251563e-16,0.1825963734333497,1.351514172949703,5dof,1.351514172949703,0.2286882353338029,-0.3218626273593001,0.2757707654588468,1.351514175287764,-0.0375926100249185,-0.0272515146209519,0.247440498079305,4.2474656411858954e-10,True
0.0780327369661855,0.2363642410483741,0.0988734612417342,-1.1102230246251563e-16,1.1008164651924903,1.2983732564914394,5dof,1.2983732564914394,0.4019202253213265,-0.7586375332911496,1.4575337731623137,1.2983733478241906,0.4188672369903659,-1.0624313415578943,1.7443805703184794,8.14380475411602e-08,True
-0.0132684801491698,0.0673737359353808,-0.1783043514406039,-3.141592653589789,1.5431938414597388,-1.2119823357865245,5dof,1.9296103178032649,1.390180135109547,0.6383289490720974,-0.4301102720515903,1.9296103767154555,1.108739352690665,0.8675831502947631,-0.3779236910780322,5.888966897438752e-08,True
-0.1172763579766417,-0.3076009258391615,0.2152877725489531,-3.141592653589793,-0.1708352206733789,-1.96865634324006,5dof,1.1729363103497334,-1.3862491677791,-0.9744379613670668,-0.6100703037702475,-1.9686563600952487,0.2326145415197282,-0.3105306793166972,-0.092919082876422,3.1415926537385097,True
-0.0217547625928279,-0.1275685445530026,-0.0562054038455355,3.141592653589793,1.2408038551776062,1.312123465584176,5dof,-1.8294691880056173,0.5680203468978133,0.2618479947063454,1.0709204568080282,-1.829469187650298,0.4740261213078511,0.1039253832383713,1.3228372938093265,3.428348580773818e-10,True
-0.0254324020504299,0.018724106863624,0.383856805824162,-2.775557561562892e-17,-1.2710060103262473,-0.4638165571860654,5dof,-0.4638165571860653,-1.07535344703653,-0.3159778116527287,0.1203252483630117,2.677776099886588,-0.3924118530598082,0.0251631020322793,-1.5033378922360092,3.141592649960661,True
0.0925504255294347,0.15636939431747,0.3802327611854107,0.0,-1.4525154526126325,1.0951188214078167,5dof,1.0951188214078167,0.4229139723664126,-1.220465889766143,-0.654963535212902,1.0951178298621829,0.1194275200996618,-0.4318936939151578,-1.1400493954004112,9.856693411892682e-07,True
0.0236838011656513,0.1152516243549658,0.2531141409979303,0.0,-0.429841623110837,1.4697650336416883,5dof,1.4697650336416883,-1.122172750942432,0.5801808393446284,0.1121502884869667,1.4697650336416892,-1.4022079213157033,0.6795831801978544,0.2927831180070116,-4.616275788589551e-16,True
0.1025650186814797,-0.0111480640178484,0.1403227887325758,0.0,0.6830272318206032,-0.1224784625816858,5dof,-0.1224784625816859,-1.0836723476621075,0.3906058724796764,1.3760937070030346,-0.1224784622229323,-1.0988415541743572,0.1340208275890036,1.6478479584059649,5.247543022823695e-10,True
0.2257447984453334,0.0735794290637625,0.3537464308428255,3.141592653589793,-0.9792570977840912,0.3315338929129974,5dof,-2.810058760676796,-1.1302331401473549,-0.8578024184605484,-0.1742999971977989,0.3315338733498378,-0.0503402855762367,-0.217383880888781,-0.7115329313190744,-3.141592637350692,True
0.1286432955939052,0.0004423542539894,0.1308538053379092,6.5052130349130295e-19,1.0559516183082591,0.0037923494110958,5dof,0.0037923494110958,-0.6028070711734707,0.0794532612917884,1.5793054281899412,0.0037923508600267,-0.5635139487327028,-0.2387506098403658,1.8582161768816936,1.2610364585178826e-09,True
0.2255980153384365,0.2693367509301395,0.0842189325796204,1.1102230246251563e-16,-0.4986225670781457,0.9003064288089329,5dof,0.9003064288089329,1.1632605282419588,-0.6187260528846167,-1.043157042435488,0.900306437942629,1.0517709986915555,-0.1888357059733239,-1.3615578598299842,-4.369679292874206e-09,True
-0.2382033451350695,0.1938632359862348,0.1599896371119944,-2.220446049250313e-16,-1.0522234878109518,2.482393352609816,5dof,2.482393352609816,1.4149518138584796,-1.373785942992402,-1.0933893586770296,2.482393324341194,1.2223461717772794,-0.7247471151664745,-1.549822544458924,2.4565398940149218e-08,True
-0.0791621880775421,-0.1547776112669538,0.2740876532121946,0.0,-0.5747440145151453,-2.103079573618894,5dof,-2.103079573618894,-0.5595741301976953,0.3576060102677392,-0.3727758945851893,-2.103079573831116,-0.8106053240349047,0.6298836721950685,-0.3940223626755988,1.1578985127297783e-10,True
0.1931362621314499,-0.1011128597869802,0.1817284170871093,5.551115123125783e-17,0.5322059143537121,-0.5091279268259306,5dof,-0.5091279268259306,-0.2740269533704915,-0.1985847235621793,1.0048175912863828,-0.5091283544081204,-0.4019657636678323,-0.2575294569052795,1.1917013704530697,-6.774652063267455e-07,True
-0.3313296710720713,0.0986988971488821,0.0340989042851175,0.0,0.3850192698320807,2.861665384625181,5dof,2.861665384625181,0.9841649189078184,-0.7485516976128738,0.1494060485371358,2.861665294115161,0.6551184586489579,-0.219046582675683,-0.0510526061126542,-3.3994512407246834e-08,True
0.1154055277403308,-0.2972547533141042,0.2559083583125936,4.440892098500626e-16,-0.8306178917169796,-1.2360217666690383,5dof,-1.2360217666690383,0.8314587246884209,-1.1164645827474478,-0.5456120336579529,-1.2360217677009044,0.5238431067036928,-0.3603017982135957,-0.9941592002138078,7.622059213000215e-10,True
0.362498802928601,-0.1070450013509356,0.1341086941807409,-5.551115123125783e-17,-0.2743101430527628,-0.2964104903008538,5dof,-0.296410490300854,1.0145277620572155,-0.9602454908666076,-0.3285924142433714,-0.2964105510585267,0.693134094228994,-0.2628324383748328,-0.7046117992314735,1.5794950249461593e-08,True
-0.1109184496127971,-0.0643501175405408,-0.0376144958893383,-2.220446049250313e-16,1.462713386482453,-2.659307526922893,5dof,-2.659307526922893,0.1637420146068731,0.6993895522384812,0.5995818196370986,-2.6593043082904377,-0.0500003923901818,0.6264293356797183,0.8862853445068961,3.213945315972376e-06,True
0.0950246539566961,-0.0877004811983947,-0.1867717241071387,0.0,1.3602448608400954,-0.8127793609176087,5dof,-0.8127793609176086,1.4185698141310286,0.444489435994426,-0.5028143892853594,-0.8127792673975741,1.1758710164401514,0.7229555811307254,-0.538581736649025,9.145556682142757e-08,True
-0.1692155201934319,0.0377997092751747,0.3103687624913028,0.0,-0.1074494931863141,2.93595147780297,5dof,2.93595147780297,-0.2050447122181169,-0.8383541880486707,0.9359494070804736,2.935951550560492,-0.4511077728185448,-0.6077856472179356,0.951443940606045,-5.149702009583905e-08,True
0.1426995364409573,0.2149375276542479,0.223183104391386,0.0,-0.5506761831541567,1.0244557199161557,5dof,1.0244557199161557,-0.000533226754233,0.2470622412122771,-0.7972051976122008,1.0244557147264783,-0.1687907652069348,0.5837371245597038,-0.9656225425189467,2.729126850383149e-09,True
-0.2296080992919512,0.1830994035804916,0.0075795102842393,0.0,1.102977934961597,2.493095107180604,5dof,2.493095107180604,1.0791863505066974,-1.251630468965224,1.275422053420123,2.49309517009921,0.801118657690925,-0.951683897530692,1.253543174811204,5.615826939803546e-08,True
-0.0106310940625907,0.2140050670873802,0.2419434512778761,0.0,0.2700879475971831,1.6761550169654793,5dof,1.6761550169654793,-0.1519918216936977,-0.6133389365259381,1.035418705816819,1.676155225200623,-0.3172482275989365,-0.5669163099846929,1.1542524858659944,5.630338428598591e-08,True
0.156021201038045,-0.3095183682004772,0.1906961866564033,0.0,-0.6079763938738231,-1.135285897499631,5dof,-1.1352858974996312,0.8811522773556368,-0.8512909821823291,-0.6378376890471309,-1.1352855801022297,0.6442531789093514,-0.2481785855421898,-1.0040509979972188,-1.9531358774371976e-07,True
0.1080747191913788,-0.0648769132831188,-0.0297144208316749,3.141592653589793,0.9354221262852264,2.5476536791967623,5dof,-0.5939389743930308,0.6226154688440211,0.0555057287545655,1.5280493297059805,-0.5939389722912527,0.648250463130112,-0.2474097785730602,1.8053298426402464,1.732899023363217e-09,True
-0.1356168783996713,0.2001183333169396,0.335062092004933,2.220446049250313e-16,-0.541091715848061,2.206345141433835,5dof,2.206345141433835,0.3204942867411997,-1.2154392017215654,0.3538531991323046,2.206345171377247,-0.144460613563053,-0.3911557287990587,-0.0054753734944555,-1.5426328086771942e-08,True
0.0706072161653963,-0.2574286774807932,-0.0392570043561528,0.0,0.3426595163823107,-1.346947799118276,5dof,-1.3469477991182763,0.8763173382448741,0.4365675071876012,-0.9702253290501646,-1.3469478023406076,0.7390160713952891,0.7523950075580236,-1.148751562573701,-1.0844588951513601e-09,True
0.1339256843208848,-0.1573393796522633,0.0812415748302667,-2.220446049250313e-16,1.2458696147831008,-0.9115352392116663,5dof,-0.9115352392116662,0.0935963827245345,-0.2225974111149333,1.3748706431734996,-0.9115352396460488,0.0739638594136678,-0.4628798832177702,1.6347856385998778,-4.1202667311361006e-10,True
0.2395441200419403,-0.2980021780883644,0.0559312620724471,5.551115123125783e-17,0.2448864463494313,-0.9186698095775918,5dof,-0.918669809577592,1.305486032240334,-1.4395732038399651,0.3789736179490626,-0.9186697856531816,0.7395901644854982,-0.3830324031275013,-0.111671315003548,5.800732342443601e-09,True
0.0831270846108333,0.0250743490192102,0.2111683670540302,2.775557561562892e-17,0.1805458599184051,0.3389259095992504,5dof,0.3389259095992503,-1.2119669636590458,0.1730271202801223,1.2194857032973283,0.338925909603357,-1.2691186257696667,-0.0272924342234529,1.476956919911525,3.1149331313265242e-12,True
0.110142033396307,0.1366588662137688,0.1238571515691638,0.0,-0.013546327605487,0.9479904683832424,5dof,0.9479904683832424,-0.7830402367329705,1.1544475371030702,-0.3849536279755867,0.9479904689138616,-1.2714092861936337,1.2592111231915224,-0.0013481646068553,-1.2725406277557814e-09,True
-0.3536517179648579,-0.0293910786800243,0.0176657583543317,0.0,0.3375460179600598,-3.06138511325266,5dof,-3.06138511325266,1.16846997119859,-0.939519241980822,0.1085952887422918,-3.0613851127939893,0.7986202871582618,-0.283161024692128,-0.1779132444758084,1.6689524050938755e-10,True
-0.1615469079057913,0.018058900314107,0.3627855082656301,-3.141592653589793,-1.2705420587118004,3.0379080643925347,5dof,-0.1036845891972584,-1.2694516144162975,-0.4806017877588944,-0.120997192702801,3.0379080644180627,-0.1464464386616676,-0.0220046570046608,-1.1020909630454718,3.141592653565408,True
0.1692250333845224,0.0899605647201259,0.1560051910407391,5.551115123125783e-17,0.5310448532097567,0.5197102128139532,5dof,0.519710212813953,-0.5418476494989445,0.2280645809424899,0.8448279217662111,0.5197102128194742,-0.6903893180225735,0.1545516513544175,1.0668825198785847,2.6362253152438454e-12,True
0.0777473681328499,-0.3357980135859667,0.1196318408911988,1.1102230246251563e-16,0.4154209912817874,-1.3774478712393066,5dof,-1.3774478712393066,0.8192704248513358,-1.1573283482515462,0.7534789146819978,-1.377447803174701,0.4133800748604953,-0.5502749244338091,0.5523158426547337,2.841046510411763e-08,True
0.2203920735708403,0.1133965605370486,0.1836464481349375,0.0,-0.0544452523887069,0.4983408070628737,5dof,0.4983408070628736,-0.2772049985034561,0.3773058895215397,-0.1545461434067907,0.4983408067479127,-0.5451297265534357,0.5969727885218309,-0.1062883143531741,6.501249028964918e-11,True
0.2135001774405711,-0.0239229017692454,0.3650444510464695,3.141592653589793,-0.9873251201741712,-0.1181708244212365,5dof,3.023421829168557,-1.0914775729152864,-0.731928039470807,-0.3308619210295289,-0.118170825145163,-0.1972967313865331,-0.1500476446564573,-0.6399807441311829,3.141592654,True
-0.0955744183383846,-0.0565717589962053,0.3951208734162871,3.1415926535897927,-1.0441892857323074,-2.657452229066164,5dof,0.4841404245236291,-0.8276034610197639,-0.5828795187357048,-0.6869203881020174,0.4841406242860001,-1.0255680139847314,-0.0801155203754582,-0.9917196928212886,-1.985149518226931e-07,True
-0.1152111168001601,0.1680993109090762,0.3172430965972329,3.141592653589793,-0.7315542617009703,2.218610883700354,5dof,-0.9229817698894388,-1.3652715104738051,-0.1784137978106683,-0.8663530836043492,2.218610503796117,-0.4136110698982066,0.2160454259524558,-0.5339886180961462,3.14159264110359,True
0.1151186276280234,-0.1014992054594352,0.3266696461980638,3.3306690738754696e-16,-1.5188276790593394,-0.7774839540964628,5dof,-0.7774839540964624,-0.0720549289523391,-0.0244177993761145,-1.422354950730886,-0.7774839858073576,-0.0753644771191997,0.2501130720803057,-1.693576276948403,3.168333984944092e-08,True
0.3343247461485887,-0.0815381768766881,0.133251509029294,1.3877787807814457e-17,0.4496637711068065,-0.2477710818882658,5dof,-0.2477710818882657,0.8071844201435128,-1.2878950990601,0.930374450023394,-0.2477710962296223,0.3752823175305775,-0.642861745593635,0.7172431999996315,-7.995317593317813e-09,True
-0.2285896967641402,0.0895346271687549,0.2158548553876673,0.0,0.2332078500143737,2.785325976270144,5dof,2.785325976270144,0.0021167714816558,-0.4845175651126769,0.7156086436453946,2.7853259405648867,-0.2254724906407932,-0.3082938353194452,0.766974175982048,-8.251485249794575e-09,True
-0.1592395887998864,-0.2517172248354564,0.0444644964444239,0.0,0.6566337434683542,-2.168168214903088,5dof,-2.1681682149030883,0.5356177326431277,-0.2415307312763985,0.3625467421016248,-2.1681682201236137,0.2832682569567769,-0.006640520967215,0.3800060074791247,-3.1868923229246992e-09,True
0.1226658434056336,-0.1876930811476804,-0.0540782700144138,-2.220446049250313e-16,0.8153255980837932,-1.0380510645775467,5dof,-1.0380510645775467,0.5706323300984035,0.6532385754713581,-0.4085453074859684,-1.038051198481612,0.2838372741906788,0.8750392843261556,-0.3435509603390412,-9.74786867939521e-08,True
0.1690122079460312,-0.0232850724915231,0.4019265992331379,1.3877787807814457e-17,-1.0334134217314463,-0.1472279526150308,5dof,-0.1472279526150308,0.0811319904860432,-1.147438241533846,0.0328928293163561,-0.1472279588825676,-0.3418315167560226,-0.3257624512474925,-0.3658194549011784,1.0563658687556785e-08,True
0.0859061921327616,0.2186239876649292,0.0157643780328625,2.886579864025407e-15,1.525375277486937,1.2448053465052114,5dof,1.244805346505209,0.7029289998258141,-0.7028604099021576,1.5253066875632804,1.2448053823746412,0.7692457894681267,-1.1005474633383376,1.856676952331637,3.583715408591755e-08,True
0.0442045009705238,-0.2105104336612455,0.1270102048436737,1.1102230246251563e-16,-0.371921729928524,-1.418990381654659,5dof,-1.4189903816546592,0.0449394319450342,0.966038505194656,-1.3828996670682143,-1.4189906628039108,0.0178108380882446,1.2407722167372537,-1.63050484606503,2.5870724645865985e-07,True
0.1700920536789676,0.0261545209440571,0.2928690402617923,-2.775557561562892e-17,-0.808811306367981,0.1639535206674382,5dof,0.1639535206674383,-0.5699944416530841,0.3957477039249608,-0.6345645686398578,0.1639536697858361,-0.784415134943235,0.7002554219125439,-0.7246515954764836,-1.1608351878002229e-07,True
-0.0812821420760878,-0.0871512985160389,0.1075453347121857,0.0,0.8020372555508288,-2.3901598446870334,5dof,-2.390159844687034,-0.8361702268014479,0.5500126148595905,1.0881948674926865,-2.3901598448406234,-0.9257920257702033,0.3592057391396533,1.368623542181593,-1.1040689803099995e-10,True
0.0722974999606514,0.0765073880223115,0.107515997627853,-2.7755575615628914e-16,1.2089520896268824,0.9033373724260148,5dof,0.903337372426015,-0.6679802461831817,0.24851459596906,1.628417739841004,0.9033330490128668,-0.6183887762772858,-0.0720206040476131,1.8993619295098136,-4.27188013309935e-06,True
0.2504897982496523,-0.0134709654684495,0.0980968173352761,-1.0408340855860844e-17,0.6795237245901298,-0.0564244952536903,5dof,-0.0564244952536903,-0.0515475169487666,0.1427100741330078,0.5883611674058884,-0.0564244952147967,-0.2535949922621238,0.1817364150131609,0.7513823018399165,3.8993929694355535e-11,True
0.2647133899797178,-0.1354098052882268,0.1176470828004682,0.0,-0.3813760175371061,-0.491894131298711,5dof,-0.4918941312987108,0.5084957296520836,0.2905572093991855,-1.180428956588375,-0.4918941308736865,0.4376007268172089,0.6032452888410167,-1.42222203319624,-1.5873327083955835e-10,True
-0.2720770511385829,-0.1746174402847555,0.0914096171957924,0.0,-0.4014635250001004,-2.5904464559544698,5dof,-2.59044645595447,0.9402462429626066,-0.3066938592040278,-1.035015908758679,-2.5904464554328204,0.8367110379977825,0.0792031599656988,-1.31737772296368,-2.0384296016593966e-10,True
0.2044520081598896,-0.110311370294262,0.3007730459446689,-3.141592653589792,-1.5335157415959302,2.621120468340295,5dof,-0.520472185249496,0.900474709994389,-1.356873274722422,-1.1516783472658303,-0.5204721848922003,0.7372036728078588,-0.7634341370236077,-1.581846447771272,-1.165942379525189e-10,True
0.3063723313827583,-0.104052681937541,0.1171894859514225,3.141592653589793,0.6787767054570795,-0.3397654820981002,5dof,2.801827171491693,-1.1581140559255432,-1.4460830299932033,-1.2161722731281266,-0.3397654803943836,0.4313226727295881,-0.8603882195464299,1.1078422522739213,-3.1415926525201283,True
0.1761996980447244,0.0705588934462468,0.0306236074628572,-2.775557561562892e-17,0.8337982264185317,0.405856582494112,5dof,0.405856582494112,-0.2727718963017134,0.8274585253555817,0.2791115973646634,0.4058598273567085,-0.5658234034183081,0.8242223570422434,0.5753999647683296,3.292509459452932e-06,True
0.126614688276681,0.0447291012105461,0.1883429347384558,8.326672684688674e-17,0.6314942335434686,0.3720784954462008,5dof,0.3720784954462006,-0.7000210248353965,-0.1106334289572357,1.442148687336101,0.3720789687002233,-0.6979512149192358,-0.384606192212025,1.7140517502592552,5.472971836274882e-07,True
0.1509945502578685,-0.0094495069790936,-0.1472728283525269,-3.1415926535897927,1.487300341739867,3.0737123740992183,5dof,-0.0678802794905748,1.072833705976672,0.2875008533853511,0.2939577524879029,-0.0678802784896387,0.8286648501716803,0.3960969853721531,0.4295304762891084,9.975162909731394e-10,True
-0.0973520065452348,0.2912968289765287,-0.0757629699443318,0.0,0.7336909817683757,1.92991515938988,5dof,1.92991515938988,1.1310818137849117,-0.3905362531347407,-0.006854578881795,1.9299154516220336,0.8544058518450814,0.0110515954667549,-0.1317664655241288,1.956985738970424e-07,True
0.081307532562968,0.1918308363092248,-0.0411532545951804,3.3306690738754696e-16,1.3551698293001166,1.2240947474639992,5dof,1.2240947474639992,0.4911397575605818,0.2008612562700331,0.6631688154695017,1.2240947571484415,0.3039630265238299,0.1992368859789908,0.8519699168051602,9.460187469436006e-09,True
-0.0587771451454543,0.0928854990117032,-0.1860397096164432,4.440892098500626e-16,1.535630499962973,2.221922371105828,5dof,2.221922371105827,1.36170738338775,0.353507902340322,-0.1795847857650994,2.221922370522573,1.096513636530754,0.5846839259544627,-0.1455670618581156,-5.796341429563628e-10,True
0.059491502436388,-0.2052977144595223,0.2931900522011644,0.0,-0.6145741694318311,-1.3434652109965224,5dof,-1.3434652109965224,-0.2790834152667254,0.0232514298651156,-0.3587421840302214,-1.3434653082646928,-0.5154036666569451,0.3654960522466323,-0.4646665533225195,5.99896290890243e-08,True
0.2843845070127353,-0.130283614729986,0.0732238929577243,-2.775557561562892e-17,0.6165054456573649,-0.4461436839192805,5dof,-0.4461436839192805,0.4431272243706892,-0.2911620881449337,0.4645403094316094,-0.4461442322228823,0.1978648298140125,-0.0779006295234677,0.4965414176963081,-5.535540875397493e-07,True
-0.0624384014548471,0.1335106473722466,0.3240379359802257,0.0,-0.0946084403447131,2.07941496899647,5dof,2.0794149689964696,-0.1061187873943665,-1.3262017439552138,1.3377120910048672,2.079414938599705,-0.396776644071279,-1.0005455720735266,1.3027137758534235,2.843916040293116e-09,True
0.2898583786617459,0.0957467639439824,-0.1011229468797746,1.1102230246251563e-16,1.1215217168295566,0.331845651114047,5dof,0.331845651114047,1.2992822193295628,-0.8094936803309717,0.6317331778309654,0.3318456400415027,0.9913775172712028,-0.4210033971014802,0.5511475966750985,-9.973825866719973e-09,True
-0.1696324827675913,-0.0123569506316549,0.0573591815816231,0.0,0.589302806509552,-3.073664611738437,5dof,-3.0736646117384376,-0.434600354052628,0.9242420584913504,0.0996611020708297,-3.0736646111689025,-0.7771273397314059,0.9520854817966607,0.4143446644488209,3.204547077744819e-10,True
0.1480577308870285,-0.0268193100932323,0.3849311746700129,-9.714451465470121e-17,-0.9093842969672584,-0.194622043653596,5dof,-0.1946220436535961,-0.3103088496087571,-0.5852110483624964,-0.013864398996005,-0.1946222348016009,-0.6076425848680531,-0.1018061567901144,-0.1999355687230029,1.8330246396919135e-07,True
0.1434919694629636,-0.2948619479066041,0.1066544685511025,1.1102230246251563e-16,-0.6529507215008377,-1.151320338361545,5dof,-1.151320338361545,1.0426943888354838,-0.4116072581173728,-1.2840378522189484,-1.1513203268219974,1.0021083638099135,-0.0847306803314517,-1.570328404980619,-8.530243580861111e-09,True
-0.3021633461619684,-0.1615280492588611,0.1611576060441536,-2.220446049250313e-16,-0.4925781745817505,-2.666686801558384,5dof,-2.666686801558384,0.96255991408399,-0.8707065364250811,-0.5844315522406593,-2.6666868332103184,0.7103399888367841,-0.2493316125912316,-0.953586550837696,1.4968253115000105e-08,True
0.1917983666272161,0.0591366632850016,0.2785801374799008,3.141592653589793,-0.5539263205301947,0.3177601828868626,5dof,-2.8238324707029308,-1.472382997828071,0.2549198777913513,-1.370203213022879,0.317760183075171,-0.7347840546589687,0.5390856013591308,-0.3582278672365899,-3.141592653688858,True
0.3283076274789434,-0.150490362748075,0.2063938262386506,2.775557561562892e-17,-0.4520063710064415,-0.4440781600794894,5dof,-0.4440781600794894,0.9868770516320202,-1.3265819084143136,-0.1123015142241481,-0.4440784938762138,0.5228596205397542,-0.3470756267206946,-0.627790394342853,1.7280137591711245e-07,True
-0.1303316227652859,0.0187520622405695,0.2701101393161987,0.0,0.152748140847089,3.0105980109204378,5dof,3.0105980109204378,-0.5263442819025008,-0.515432868911653,1.1945252916612423,3.0105979782461656,-0.6236848527319545,-0.6084755068793827,1.3849084994563865,-4.397596618551202e-09,True
-0.1184818928017401,-0.1954964308678929,0.3125180950792059,-4.440892098500626e-16,-1.268369168614862,-2.159333256829658,5dof,-2.159333256829659,0.4432672838580127,-0.6660772612369732,-1.0455591912359012,-2.159332448351716,0.3299257503470697,-0.2284259453396087,-1.3698689760756984,-7.71822276563154e-07,True
-0.0886294151892513,-0.124178706060856,0.1469231646478608,0.0,-0.0294055450238499,-2.251822296057552,5dof,-2.251822296057552,-0.9445773448738934,1.0313500086521663,-0.1161782088021228,-2.251822341310893,-1.3494042169403702,1.0949571873498012,0.2250414833651405,6.069663428759528e-08,True
-0.0094330809554342,-0.2602860560418356,0.3055210785047658,2.220446049250313e-16,-1.1638188141845691,-1.6529552962195946,5dof,-1.652955296219594,0.620733045296971,-0.9504645903644272,-0.834087269117113,-1.6529551938046323,0.4213733376133435,-0.3613493518346519,-1.2238428093658018,-1.0180996523847965e-07,True
0.0517574187456223,0.2498679028395131,0.2198963371688102,3.141592653589793,0.4317843976385855,1.4130053132919862,5dof,-1.7285873402978071,-0.7721789491396434,-1.3643036327729705,-1.4368944693157648,1.413005313140167,0.117726191338022,-1.0957137457934996,1.409771952094064,3.141592653522172,True
0.0963479452643676,0.1697854018657652,0.2627887276253291,0.0,-0.9376539898419268,1.1097188068518138,5dof,1.1097188068518138,-0.2289294640185089,0.45997873911872,-1.168703264942138,1.1097186914456296,-0.3097700934104317,0.7650056674808297,-1.3928895670302546,9.515137326967298e-08,True
0.0400804211459523,-0.2997481038920985,-0.0519065946268534,0.0,0.5208658416467813,-1.477388874127921,5dof,-1.4773888741279209,0.974801512922384,-0.0271560740186946,-0.4267795972569081,-1.4773889142508094,0.7478035708737583,0.3356035496478609,-0.5625412788734712,-1.9966582808431143e-08,True
0.2383210868567887,-0.0778005234352204,0.105953618176986,0.0,0.9529377200883036,-0.3311065476425212,5dof,-0.3311065476425212,0.1700870124625597,-0.390151772948992,1.1730024805747357,-0.3311065475646452,0.0768418248309626,-0.4979294008504548,1.3740252961087749,6.362678435058977e-11,True
0.0746791453761012,-0.1266419464741062,0.2754927562827536,-1.1102230246251563e-16,-0.8597330499889076,-1.1112113722944033,5dof,-1.1112113722944037,-0.7052784195065397,0.6447134877879828,-0.799168118270351,-1.1112113669257808,-0.9146222965170926,0.9304523134571854,-0.8755630671539644,-4.0943491049238056e-09,True
0.0972833594326743,-0.071091287648933,0.0298106311532038,3.141592653589793,1.163641776264166,2.446703391135233,5dof,-0.6948892624545606,0.1478250243847458,0.1556742402210815,1.6744516127198,-0.6948892546867729,0.2106670334544816,-0.183407825663891,1.9506916675087769,7.568427621936131e-09,True
0.1108957544277998,0.2806538178087243,0.1772200519034992,-1.1102230246251563e-16,-1.209898076716056,1.232006105231828,5dof,1.232006105231828,1.293066837212982,-1.1947081196016185,-1.3082567943274197,1.232006091208907,1.2282603041989542,-0.7964915703292099,-1.641666810881396,1.3126720587414253e-08,True
0.2934123185174269,0.0415486670733241,-0.0552491936007502,0.0,1.2120908639475036,0.1465843959447168,5dof,0.1465843959447168,1.0472126247104765,-0.7189082007257107,0.8837864399627382,0.1465844002237001,0.8161154209053524,-0.5248792433065808,0.9208546863564916,4.0067274853412295e-09,True
-0.1567890735736467,-0.0699953029787038,0.263594477251531,2.220446049250313e-16,-0.4577209884799496,-2.748486156210526,5dof,-2.748486156210526,-0.5874525671144516,0.3549508069801377,-0.2252192283456358,-2.7484861562339704,-0.8505379550838901,0.5966472579211639,-0.2038302913172243,8.417271365155555e-12,True
-0.3225038979807678,-6.456333337734053e-05,0.1413316615832394,0.0,-0.7604365063880733,-3.1413996413918324,5dof,-3.141399641391833,1.118619857301378,-0.7956925134593278,-1.0833638502301235,-3.141399631425394,1.0078058432223471,-0.3468367221065452,-1.4214056284567895,-7.039797034064641e-09,True
-0.1190064882374759,0.2197147357649014,-0.0427488879152583,0.0,1.2084663104802704,2.108459206930765,5dof,2.108459206930765,0.7412586281844753,-0.2116926296732661,0.6789003119690615,2.108459203324669,0.5374275178060017,-0.1155565891140261,0.7865953817887043,-3.3719647424542234e-09,True
-0.1256981556478602,-0.1040836049168044,0.3253970963050495,-3.141592653589793,-0.7820466033738528,-2.494337460861608,5dof,0.6472551927281858,-1.2969745103232002,-5.151616287468741e-05,-1.0625200237298655,-2.4943374608604127,-0.6538799723861416,0.3483730953795331,-0.4765397265528502,-3.141592653590725,True
0.1827887758072906,-0.3138263886400134,0.1336751139888211,-1.1102230246251563e-16,-0.2094424364288354,-1.0724060415701109,5dof,-1.0724060415701109,0.8431293632309043,-0.6873615545289592,-0.3652102451307806,-1.072406034227357,0.572000066905489,-0.1248199753447481,-0.6566225280005455,-1.53134511836655e-09,True
0.1059914241943321,-0.0704670323704385,-0.1649438082301858,3.141592653589793,0.9994670319792448,2.498272254876124,5dof,-0.6433203987136693,1.4439848734153284,-0.3381525718547191,1.0362933200499391,-0.6433203987410371,1.3135841034611813,-0.3805413011874935,1.2090828193371308,-2.3139885557038923e-11,True
0.335667598017211,0.0646027216235182,0.1595576679991799,1.3877787807814457e-17,-0.7366272762842184,0.1970069603810165,5dof,0.1970069603810165,0.9618821802571104,-0.6494455056944156,-1.049063950846913,0.1970064831263498,0.8504134716365098,-0.2160133040482563,-1.3710274442465082,3.808815179659782e-07,True
0.0310505151328117,0.0784214315588133,-0.1771341241094203,3.141592653589791,1.4216777695561813,-1.809105027833295,5dof,1.3324876257565004,1.3228698637768046,0.4968944378317985,-0.0998494175749917,1.3324876974390376,1.0429032044066595,0.6757510464513578,0.0012606151024712,7.076290550246146e-08,True
0.004331193829185,0.2504135088402231,-0.1182999873478296,4.440892098500626e-16,1.1296055576069608,1.601411328841973,5dof,1.601411328841972,1.0961268363063286,-0.1439498078965095,0.1774285291971418,1.601411222489918,0.8370858020364507,0.1212474385732264,0.1712723171943717,-9.619192459837166e-08,True
0.2317312885081275,-0.0242682576364027,-0.0923880215601822,1.3877787807814457e-17,0.8487304696893747,-0.1099993448662704,5dof,-0.1099993448662703,0.8697351006684153,0.5022010085961175,-0.5232056395751579,-0.1099993447339341,0.6231321439356895,0.7737231242360441,-0.5481247984823582,1.0355791698767675e-10,True
-0.0193285777227005,0.1135241280102226,0.290948996619067,2.220446049250313e-16,-0.4589644233518493,1.8400585828160323,5dof,1.8400585828160327,-0.9404669624878208,0.2308018419591968,0.2507006971767747,1.8400585469516524,-1.1879679310771565,0.3673920415679609,0.3616114577276987,3.052902517553325e-08,True
0.1616582695198233,-0.0376461103831411,0.1646916353965569,-4.163336342344337e-17,0.2955996630462052,-0.2464342684262597,5dof,-0.2464342684262597,-0.8767521809634289,0.5348572592558223,0.6374945847538116,-0.2464342558120588,-1.0728808023463976,0.4785145433506786,0.8899659223443682,1.1368196390905214e-09,True
0.1690754863651818,-0.1239373677617275,0.2613733802686429,0.0,-0.0616805638333799,-0.6680164118308256,5dof,-0.6680164118308256,-0.4162509162791861,-0.1577574546004481,0.512327807046254,-0.6680164141929037,-0.6439801397466476,-0.0083112548205869,0.5906108306237252,1.061199905805156e-09,True
-0.1428387489461818,0.1696869913451466,-0.1759069673141943,2.220446049250313e-16,1.3540426213690775,2.31047271081471,5dof,2.31047271081471,1.478361054790759,-0.5365072888998134,0.4121888554781316,2.310472710546693,1.1970669240685283,-0.2017526481189508,0.3587283454256744,-2.619176553380053e-10,True
0.1859013859714973,0.2698902352304935,-0.0575872152628772,1.6653345369377348e-16,0.9908462188897372,0.9984094963554356,5dof,0.9984094963554356,1.311163900697326,-1.1380858232401458,0.8177681414325566,0.9984093050943568,0.9265419592688492,-0.5865196012806917,0.6508238609106146,-1.6001094927444777e-07,True
0.3267227474206703,0.0768030721610643,0.2071431786037335,5.551115123125783e-17,-0.698001112148361,0.2393558338877078,5dof,0.2393558338877079,0.7393792776653325,-0.6445510866252591,-0.7928293031884345,0.2393559626023116,0.5615812973777786,-0.1427856630456396,-1.1167967492248616,-9.189025602032188e-08,True
-0.2940094165514389,-0.2051146400848204,0.083069645563492,-2.220446049250313e-16,0.0723642118783896,-2.5510867100414094,5dof,-2.5510867100414094,0.986789673579036,-0.8421434230469365,-0.0722820386537099,-2.551086710347257,0.6522515504499051,-0.2190289851371329,-0.3608583534343701,-2.2116907571308e-11,True
0.1556702922262476,0.2522552892904894,0.2961257719889254,0.0,-0.4424344970823115,1.0530726242443031,5dof,1.0530726242443036,0.6269254378180169,-1.4762189130605072,0.4068589781601786,1.0530726298858597,0.0414842064675732,-0.3822564840104889,-0.1016622195313294,-2.430192006557447e-09,True
0.1117867470443412,-0.0981525396979743,0.4094788725553139,3.141592653589793,-1.082129521455385,-0.7771422469302474,5dof,2.3644504066595458,-0.640089441455218,-1.1223389555602448,-0.2970347351189453,-0.7771422391154731,-0.4017655524748221,-0.3202792049955583,-0.3600847639863254,3.141592646689664,True
0.0949902000959783,0.3615218634679785,0.0763939676555714,0.0,-0.3228246896732061,1.3451478664336236,5dof,1.3451478664336234,1.3627753245459298,-1.1512698568889277,-0.5343301573302084,1.3451479339421817,1.0440460213881448,-0.3708839542852457,-0.9959867569130784,-2.1423395479833053e-08,True
0.2598048414791299,-0.0532704896243751,0.0921007847628854,-4.163336342344337e-17,0.8416498517505611,-0.211747033459857,5dof,-0.211747033459857,0.1724236469269611,-0.2093686783868904,0.87859488321049,-0.2117471100443229,0.0117990107302812,-0.2052398045633041,1.035090652978086,-7.763557266179423e-08,True
-0.2107168501254738,-0.2585185740770446,0.1622948480505157,0.0,-0.0876192746042168,-2.281935842051348,5dof,-2.281935842051348,0.5959709402437205,-0.5903833633905612,-0.0932068514573762,-2.281935809506288,0.3031691698225159,-0.0906111770823396,-0.3001772741491821,-2.961449466864963e-09,True
-0.2631077877412231,0.0324786166033736,0.2174025854268083,0.0,-0.5434667958206387,3.024078807400584,5dof,3.024078807400584,0.1955197686718124,0.0335043742308713,-0.7724909387233225,3.0240791582795503,0.0300529039697945,0.4008784632444803,-0.9743984274653246,-3.467653440837933e-07,True
0.0168669360206346,0.2067909488721135,0.0974339292481268,0.0,0.6326071889531684,1.547265134002272,5dof,1.5472651340022718,-0.3213231125064626,0.455573830844554,0.4983564706150767,1.5472650358481888,-0.5411868724583042,0.4591108565373296,0.7146833109214483,-5.2598891573585865e-08,True
-0.2436199530955267,0.2405339800556136,0.0296935390276961,0.0,-0.4045607644274249,2.386590956978014,5dof,2.386590956978014,1.4983772015592065,-0.9491981651270408,-0.9537398008595904,2.3865909516248576,1.3341475796122806,-0.4059663197468847,-1.3327420243049002,2.108977858893466e-09,True
-0.2636068175926039,0.002734021061491,0.1747166339286131,0.0,0.5943775100471544,3.131672973776176,5dof,3.131672973776176,0.4504905975529309,-1.162281208010051,1.3061681205042748,3.1316729739564466,0.2447138731639581,-1.0129149004472575,1.3625785373307198,1.0095146453674879e-10,True
-0.13222705990935,-0.2394053607666371,0.2654110399411561,-3.1415926535897927,-1.2417673733796686,-2.113007076880851,5dof,1.0285855767089425,-1.3684589438671104,-1.4664377011805694,0.9350713648375552,-2.113007077261966,0.7622847085896828,-0.5918122848763246,-1.4122397970930265,-3.1415926532291163,True
0.1401893135605009,-0.0813245399287112,0.3972143169447414,-5.551115123125783e-17,-1.1276842857023182,-0.5653372211399375,5dof,-0.5653372211399375,-0.0468955459720259,-0.8246320171430718,-0.2561567225872203,-0.5653371941721652,-0.3551988813100712,-0.1990418284139798,-0.5734435779936317,-2.5030074287502693e-08,True
0.1234667152384756,-0.0459436791736292,0.4001095779385306,2.775557561562892e-17,-1.0639911858708708,-0.3909569310360905,5dof,-0.3909569310360905,-0.2834243356261692,-0.6662924468867057,-0.1142744033579961,-0.3909569302914201,-0.5844288659741503,-0.1291287766046431,-0.3504335433391581,-6.603427082908334e-10,True
-0.05191721645244,-0.1795542725468883,-0.1111675414936908,1.1102230246251563e-16,0.7646182500278265,-1.9127860372059,5dof,-1.9127860372059,1.0890778833605277,0.6838071896576503,-1.0082668229903515,-1.9127860371751064,0.936969229394654,0.9782027735055852,-1.150553752871557,2.160677735159517e-11,True
-0.1241893663408651,0.1875493460281161,0.0975410398778077,0.0,0.091328959868115,2.198859323528145,5dof,2.1988593235281444,-0.0953207877221027,0.7983579557315377,-0.6117082081413199,2.1988591238058115,-0.3843600531785623,1.0346562550102607,-0.558967234700173,2.7884079197518133e-08,True
-0.1374707095500805,-0.026756377443367,-0.0482282080367584,3.141592653589793,1.196525718308416,0.177131416087684,5dof,-2.964461237502109,0.6795785808297685,-0.0307171991317554,1.296205553583364,-2.9644612310505662,0.639753781552744,-0.2455159627919891,1.550829116497202,6.005318825698353e-09,True
-0.0257508566874476,0.0126255947133748,0.3222533143815503,2.775557561562892e-17,-0.5491956721773081,-0.3227509456153461,5dof,-0.3227509456153461,-1.0769256341989928,-0.8734833490266188,1.4012133110483032,-0.3227509993602562,-1.1092836587569517,-1.0803325283121243,1.640420514786711,3.7393360420340575e-08,True
0.0601156019799583,-0.0660624909943906,0.3523203586783153,1.1102230246251563e-16,-1.1159006670176432,-0.9413058291349286,5dof,-0.9413058291349286,-0.791259096854656,0.1659184510433078,-0.4905600212062952,-0.9413058416715492,-1.0142169347511547,0.4948793376413078,-0.5965630699079911,1.1404254136900604e-08,True
-0.1410287788196954,-0.0144640237873836,0.165567788781199,0.0,0.889316061325244,-3.04735429639044,5dof,-3.0473542963904405,-0.3686488074849592,-0.2898128347853679,1.5477777035955709,-3.047354319198768,-0.3289014346970044,-0.6237030725610136,1.8419205775860776,-2.0074495524789093e-08,True
-0.0125743887278938,-0.023182757270305,-0.1251836713619158,3.141592653589793,0.4843542423500122,0.7562666535621749,5dof,-2.3853260000276184,1.4079903760549812,0.0407839257019622,1.2084641094828374,-2.385325838877904,1.345466874079173,-0.144416028689357,1.4561875646748652,7.51746046346113e-08,True
-0.2358867222855605,-0.0352863815653945,-0.1276520898006944,0.0,0.8117449067815392,-3.0001937941419112,5dof,-3.000193794141912,1.207360617616562,0.0731054613936277,-0.4687211722286504,-3.000193797864678,0.9845477391627095,0.4184642345510287,-0.5912670669330564,-2.7009363201234788e-09,True
-0.2505477566341893,-0.172132476873269,0.2576951967288985,-2.220446049250313e-16,-0.867956798698838,-2.5612743403970324,5dof,-2.5612743403970324,0.92297880472434,-1.2853092665228507,-0.5056263369003273,-2.5612743401821314,0.5601403571932883,-0.4047344240249637,-1.02336273186811,-1.6399493864194816e-10,True
-0.208177972458865,0.0732486127590895,-0.12854067394364,0.0,1.424626837933458,2.8204310122755585,5dof,2.8204310122755585,1.185318677190276,-0.3815897996493604,0.6208979603925424,2.8204312022415063,0.95371108871223,-0.2013602649863738,0.6722760187367929,1.8825856174322936e-07,True
0.2041166341223828,0.0003683560335127,-0.0160047380436377,-3.141592653589793,1.359426377315072,-3.139675299666713,5dof,0.0019173539230799,0.6885114792881506,-0.3947878528591608,1.4884426498457315,0.0019170643507661,0.7093085758406983,-0.7008137381699404,1.773671438338182,-2.831282094739087e-07,True
0.1618795832728738,0.1828314055320739,0.2614373385191513,3.141592653589793,-0.0442886330832079,0.8841166055867473,5dof,-2.257476048003046,-1.166842666865672,-0.422279906528634,-1.5081814471122792,0.8841166060330055,-0.3940206458476151,-0.1812558883131183,0.5309879010775218,-3.1415926534779817,True
0.0160734321313463,-0.1143676994088692,0.293989113912652,2.220446049250313e-16,-0.9160818659551444,-1.5351943956092422,5dof,-1.535194395609242,-0.8641227292260794,0.5932484080685794,-0.6452075447976442,-1.535194361177304,-1.1016535631104931,0.8681532189372748,-0.6825815419730125,-3.082901254994191e-08,True
-0.0198488419078769,0.2264299145301477,-0.0886847069013973,-3.141592653589792,1.5060482785931768,-1.4310565520746397,5dof,1.710536101515152,1.1284193540520215,-0.663870490789901,1.170995511734496,1.710536447782805,1.003017109258021,-0.6947887078439824,1.3273159194369666,3.470789260582001e-07,True
0.2827505351186905,-0.004681241532,-0.1223620553090362,0.0,0.6945622509680769,-0.0172881473497548,5dof,-0.0172881473497548,1.2738684535275857,-0.0706503793221571,-0.5086558232373513,-0.0172881494152107,1.059456310331037,0.3094062329670899,-0.6743002923301485,-1.3219953047523718e-09,True
-0.0838867343712577,-0.2308622228735597,0.3333330697579904,-2.220446049250313e-16,-0.6073350341178398,-1.964458046978073,5dof,-1.9644580469780728,0.2535181079499424,-0.9981846781978396,0.1373315361300573,-1.9644580931140443,-0.1331995663812106,-0.3062553610051616,-0.167880106744393,2.6332873880555842e-08,True
-0.046777466008024,-0.1764681078849698,0.3743004484576577,1.1102230246251563e-16,-1.0485019156048856,-1.892316153445671,5dof,-1.892316153445671,0.0226149752762265,-0.7047354040268445,-0.3663814868542678,-1.892316472551912,-0.2504991599871994,-0.1348565271868697,-0.6631462293014317,2.767865178730198e-07,True
0.0072136378256019,0.1510371103265295,0.405464377100119,1.1102230246251563e-16,-1.1803837495371048,1.6024756994133584,5dof,1.6024756994133584,0.0959152034894947,-1.095765596181983,-0.1805333568446165,1.6024762064874898,-0.283128345373389,-0.3055816091496049,-0.5916738224016427,-4.680743250536381e-07,True
-0.2041305712943747,-0.0732762249012921,-0.1064978434182791,0.0,0.849677553320495,-2.814717760364462,5dof,-2.8147177603644624,0.9903507339243678,0.3788525031856775,-0.5195256837895503,-2.8147177915652795,0.757113972793152,0.6716657425950944,-0.5791021620678318,-2.343489786222933e-08,True
0.0121352551250974,-0.000659651140221,0.4066810316510094,-3.1415926535897927,-1.3803354560817698,1.7730336815883034,5dof,-1.3685589720014897,-0.5491641340932436,-0.4132771609859478,-0.798815902428832,1.773033668312873,-1.0336738833694556,0.0320418306945064,-0.3787034532792501,3.141592654,True
0.2189202670271035,0.1580100887460928,-0.117535893078849,1.6653345369377348e-16,1.1492034123741757,0.6521660649236434,5dof,0.6521660649236432,1.1471896042990917,-0.3015077856012798,0.3035215936763638,0.6521660702234819,0.8846892530544789,-0.0240450106871846,0.2885591700082408,4.8357763815746736e-09,True
0.3171395461140922,0.1383008025374555,-0.0604997142559329,-2.775557561562892e-17,0.4243212272688654,0.4255432889190828,5dof,0.4255432889190826,1.2611694945001104,-0.5139731259670746,-0.3228751412641706,0.4255432761330649,1.0016888367419965,-0.0200792156244197,-0.5572883938468433,-5.264054641799681e-09,True
-0.2560203154659721,0.0027829260304215,-0.0814924631757729,0.0,0.6420156836391562,3.131209761453692,5dof,3.131209761453692,0.9966773505117166,0.1887617044786258,-0.5434233713511865,3.131209864941098,0.781022518139115,0.5192664738394683,-0.6582733082678702,6.197874080316556e-08,True
0.1710662792573688,0.1979810118776866,-0.1104686457928221,-5.551115123125783e-17,0.5489727867131906,0.8939600664803993,5dof,0.8939600664803997,1.2426941290324875,0.1858964508452549,-0.8796177931645518,0.8939598600345621,1.0968419723519436,0.5299673201346173,-1.0778365057160617,3.781789143330948e-08,True
0.0393724602398757,-0.0313957982883737,-0.0578476036844548,3.141592653589793,1.119513177901982,2.2878400743812497,5dof,-0.8537525792085434,0.304686206465701,0.9773552675700063,0.7400380016521042,-0.8537525769680097,0.0976502840896124,0.8251395484420442,1.099289643081549,2.016583094836198e-09,True
0.0079972604042316,0.2682672673366137,0.1623690107259988,-1.1102230246251563e-16,0.5513064494343003,1.5857159352691932,5dof,1.5857159352691932,0.177905616230481,-0.5678363386096503,0.9412371718134696,1.585715995538192,-0.0082192343378085,-0.4805441058585078,1.0400697896480533,3.156693473918591e-08,True
0.1155132020282041,0.2410471482811367,-0.1347083867050727,0.0,1.2940729096112622,1.1651782823661785,5dof,1.1651782823661785,1.35987718909887,-0.6967572460726911,0.630952966585083,1.1651782013756309,1.0783473348518149,-0.3755847450779001,0.5913103198425524,-7.790932739411684e-08,True
0.0183426297136148,-0.1964298310812195,0.3321257288578235,3.141592653589793,-0.2450083253820585,-1.5385179974271883,5dof,1.6030746561626046,-0.5707062504444388,-1.2059163759111606,-1.119961701852135,1.6030746871963308,-0.7162064412189266,-0.6586859814995525,-1.52169190471573,-2.692734115235093e-08,True
-0.2438645245016538,-0.1579151767780534,0.0002815212086613,0.0,0.6734546834864688,-2.588634474586594,5dof,-2.588634474586594,0.6628659314510168,-0.0943619998369167,0.1049507518723686,-2.5886344735449525,0.4034855797222788,0.1773174221739486,0.0926516815905551,6.496657824405677e-10,True
0.0726516878049027,0.0208525599671648,-0.0892247135599741,3.1415926535897927,1.2341345868815212,-2.810444346024448,5dof,0.3311483075653458,0.5867555229106323,0.8635536438237268,0.457148899973913,0.3311480146662716,0.3233971451923005,0.8022617374334319,0.781799183504365,-2.76481600937774e-07,True
-0.1126988186645106,-0.1303139997535176,0.3639733827397816,-3.1415926535897927,-0.6951498306605138,-2.3341788366694467,5dof,0.8074138169203469,-0.8833845879135406,-0.6866151002369008,-0.8764431347788377,0.8074138169329814,-1.0433417221004904,-0.1934749815330534,-1.2096261190972912,-1.075359768544287e-11,True
0.3606936421120961,0.1324704280296225,0.1312705080032952,-2.775557561562892e-17,-0.2393821466709431,0.3630639190179661,5dof,0.3630639190179661,1.2534076206287508,-1.4543522277615175,-0.0384375395381759,0.3630640287123851,0.7252933704173072,-0.3460247796600486,-0.6186507380235114,-2.406624954033732e-08,True
0.1873254700631684,-0.2168271117386676,0.1731402292012293,5.551115123125783e-17,-0.3402231193253386,-0.8908360368993598,5dof,-0.8908360368993598,0.1805776627026998,0.2345852062841049,-0.7553859883121437,-0.8908360364643145,0.0036264086680542,0.5719589638775809,-0.9158084918710838,-1.452449316085795e-10,True
-0.0291356832035679,-0.2923218735149543,0.1261277655760939,1.1102230246251563e-16,-0.4991660140030474,-1.7105988579920783,5dof,-1.7105988579920786,0.6165079819894119,0.1304474245482105,-1.24612142054067,-1.7105960987334556,0.5665716556105929,0.4409965013739742,-1.506736643917409,-2.5366685495668666e-06,True
-0.2626773190258617,-0.0341445064247927,0.2878344766923004,0.0,-1.1573240217859446,-3.017919363907243,5dof,-3.0179193639072435,0.8188006210792667,-1.1733060483733335,-0.8028185944918773,-3.0179199913212,0.5705181167648299,-0.4696055063392476,-1.2582367168925337,5.834892747213962e-07,True
0.0952995450843111,-0.070085553075823,0.3432024246972941,5.551115123125783e-17,-0.596353912926187,-0.6994612177784563,5dof,-0.699461217778456,-0.725525497024565,-0.2298405374702987,0.359012121568677,-0.6994612179006018,-0.9772762992302284,0.0022212007829003,0.378701185509748,6.30324444054009e-11,True
0.0855500245001346,-0.3553986595958099,-0.0311011481670226,-1.1102230246251563e-16,0.3787416293328818,-1.3667263598427954,5dof,-1.3667263598427952,1.3795302802155556,-1.010024580806176,0.009235929923502,-1.3667265104246,0.9987483363022092,-0.2897087222292634,-0.3302979847937978,-5.56857916761749e-08,True
-0.0556941439111209,0.3340224970658837,0.0816893042606461,2.220446049250313e-16,0.5188518523110659,1.770751557381487,5dof,1.7707515573814865,0.7919911479586292,-0.887634637108018,0.6144953414604546,1.770751543265738,0.4600346666210834,-0.4378163781893473,0.496633563939821,-7.000432671742485e-09,True
0.046015895088936,0.2109733713004255,0.0335349799905049,-1.1102230246251563e-16,0.9121410130167328,1.410938955437655,5dof,1.410938955437655,0.0079480038668466,0.4437694996699763,0.4604235094799096,1.4109388637679992,-0.2179344789617684,0.4622222721563228,0.6678532198808959,-7.247979523732919e-08,True
0.1431033940723331,0.1687021727879629,-0.0323930847226951,3.275157922644212e-15,1.5616699798512164,0.9101573637338312,5dof,0.9101573637338278,0.6802681721947077,-0.2624952383671584,1.1438970460236668,0.9101573870546628,0.5870936272767919,-0.3785529998189121,1.3531293726802875,2.3338450162194724e-08,True
0.1904111187113668,-0.1722483583473831,0.2516463055390828,0.0,-0.9292058902107108,-0.7678252005030654,5dof,-0.7678252005030655,0.2241276086027259,0.0058153651411705,-1.1591488639546077,-0.7678255063333088,0.1527704341622928,0.3384698985332252,-1.4204462231705408,2.800286574931987e-07,True
0.1362918002021542,0.2319222434031704,0.3182025638021415,4.440892098500626e-16,-1.123965777151794,1.0788272174915583,5dof,1.0788272174915583,0.8018349031609446,-1.434397484331408,-0.491403195981331,1.0788272192065538,0.385026880204686,-0.427355598678885,-1.0816370586793873,-1.546623307041535e-09,True
-0.084930850706882,0.3129457060059427,0.128537231823361,0.0,-0.6112440982693463,1.8711619982115253,5dof,1.8711619982115253,0.9240442471883504,-0.4073979043541642,-1.1278904411035326,1.8711620176021493,0.8423020365145684,-0.0323791409535125,-1.4211669940120275,-1.1145583900605604e-08,True
0.1662881410766662,-0.3140233043730668,0.022053348723643,0.0,0.6674794163634448,-1.1141111264121917,5dof,-1.1141111264121917,1.2050074368968802,-1.3439767459181484,0.806448725384713,-1.1141111658202958,0.7163696035777629,-0.5585204744446398,0.5096302872505533,-2.4394097766163073e-08,True
-0.2109865402951224,-0.2162939252192355,0.2663840007325255,-3.141592653589793,-0.8394755219724483,-2.371428714905167,5dof,0.7701639386846266,-1.3820415369945802,-1.2029277996783665,0.2828522050556019,-2.371428730459632,0.4850173872203286,-0.372855690794279,-0.9516372209615348,3.141592654,True
0.1547313808983174,-0.0134261209951449,-0.0031086277610767,1.3877787807814457e-17,1.1340499864219271,-0.0937896779535507,5dof,-0.0937896779535507,-0.2306454073568087,0.9164936842180436,0.4482017095606923,-0.0937896942747588,-0.5045946059852381,0.8478330750802369,0.7908115177127395,-1.3534862159008973e-08,True
0.1236134294473437,0.1318934642965669,0.0576998940157155,1.1102230246251563e-16,0.7087184771123063,0.8684896136766629,5dof,0.8684896136766627,-0.4875759148899807,0.8513486997991673,0.3449456922031195,0.8684893911228398,-0.7724806678053673,0.8241883581776238,0.6570107897200141,-1.476274292521485e-07,True
-0.0344724449209617,0.1496740566938546,-0.10489950496257,1.1102230246251563e-16,1.395387256003417,1.87184987049934,5dof,1.87184987049934,0.7281925912899578,0.5846352697964337,0.0825593949170255,1.8718499505267587,0.4452774122733001,0.6919374866183895,0.2581723574004322,7.880021152509608e-08,True
-0.1788847746854177,-0.158589095664178,0.3306576138664241,3.141592653589793,-1.1368644059201884,-2.4483450474050947,5dof,0.6932476061846984,-1.248957035256908,-1.0374771618894911,0.2817059494767939,-2.4483450177928123,0.2717652361631209,-0.3491027415304187,-1.0595269006533743,-3.141592648209288,True
-0.0223989014451616,-0.200441394696477,0.1250830422755972,-3.3306690738754696e-16,0.9448946251823016,-1.740756435584153,5dof,-1.7407564355841527,-0.0968031866565886,-0.2144691976985344,1.2561670095374244,-1.740756439261263,-0.1535604410027582,-0.3952045132417994,1.4936595794333063,-2.9804197879447403e-09,True
0.1387585379867295,-0.2038090111060851,-0.0259829420703973,2.220446049250313e-16,1.4880878949085297,-1.0143949627108375,5dof,-1.014394962710838,0.8123180646318215,-0.5635245733590453,1.2392944036357532,-1.0143948353626482,0.7268145630325201,-0.6765127708507228,1.4377861030495165,1.269164685892152e-07,True
0.0917802958778198,0.3010122023584081,-0.0234764539230754,0.0,0.2462270003764317,1.311713153798272,5dof,1.311713153798272,0.9862327971854308,-0.0076388003171612,-0.7323669964918379,1.3117132022108895,0.8129833946954881,0.3668989433954171,-0.933655337722415,-1.0131062156812513e-08,True
0.306204580674718,-0.0334258681043906,0.1998131099046289,-6.938893903907228e-18,-0.2745027841842424,-0.1131292683554092,5dof,-0.1131292683554092,0.2215883218879506,-0.1130110120046801,-0.383080094067513,-0.1131292683644584,-0.0112828783122958,0.2655035174153798,-0.528723423287652,6.5565341189244324e-12,True
-0.2953669285253102,-0.0800571482645279,0.2647395664799525,-3.141592653589793,-0.6320466725902681,-2.886792679419281,5dof,0.2547999741705116,-1.3260072825818747,-1.1508083618222786,-0.0327303365953717,-2.8867926259533254,0.3367689638157565,-0.3216720377909107,-0.6471435986151165,3.141592622000389,True
0.1435319785549564,0.2786925761720799,0.2462418665804993,0.0,-0.32785031148441,1.1298306023466944,5dof,1.1298306023466944,0.3858936467066787,-0.6856436131686111,-0.0281003450224779,1.1298306183276394,0.0750794170859128,-0.1521067956048171,-0.2508229329658063,-5.152827669255268e-09,True
0.1500186870933014,0.2090207590671644,0.0059571113458928,-1.6653345369377348e-16,1.1266518407064732,0.987206781070906,5dof,0.9872067810709062,0.4750712765558882,-0.1242477750745993,0.7758283392251843,0.9872067878502456,0.2974227950891736,-0.0955368674478269,0.9247659131360184,6.123300483497481e-09,True
0.1448157553118341,-0.0857767646258368,0.1568365016484797,5.551115123125783e-17,0.5917272708670653,-0.5734401152040072,5dof,-0.573440115204007,-0.6573501807972008,0.227921201012095,1.0211562506521712,-0.5734401152462943,-0.7641776471830375,0.0912321082461836,1.2646728098094064,-2.2120885457521905e-11,True
0.0411438633103527,0.155195887857247,-0.1936097424676452,-3.1415926535897905,1.418292032756744,-1.7564220947623126,5dof,1.385170558827478,1.4936541246853814,-0.3166753034275915,0.5463217995752598,1.3851705427156458,1.2572278562349797,-0.1278654253898981,0.5939381899129722,-1.5931741952397043e-08,True
0.2678340343186691,0.0916208608261385,0.2678637964557867,3.141592653589793,-0.179346275824215,0.3438957399732378,5dof,-2.7976969136165555,-1.2129413780822813,-0.6547902218283185,-1.0945147778549782,0.3438957533070526,-0.1761857573346157,-0.2360883878982537,0.2329275175748299,-3.14159265394637,True
-0.0744476959420195,0.1921109021504503,-0.1511817895779796,-1.1102230246251563e-16,0.8054780094313072,1.993640686229189,5dof,1.993640686229189,1.3547409283196088,0.2708619932321547,-0.8201249121204566,1.99364069103412,1.1904481181544844,0.6047560665023051,-0.9897261752248068,2.6643354062817623e-09,True
-0.1285909153998547,0.1375056349323755,0.1782386019482048,0.0,-0.3725009020824465,2.367288313151585,5dof,2.367288313151585,-0.4393534373869885,0.882511531328178,-0.8156589960236361,2.367288287769331,-0.7007086551769792,1.1390144648590492,-0.810806712170797,9.238403897129456e-09,True
-0.2530770393403644,-0.0257208948054048,-0.1511562824244803,-2.220446049250313e-16,0.8824518300736033,-3.044863696309342,5dof,-3.0448636963093425,1.4065780064033655,-0.3050572449207807,-0.2190689314089813,-3.0448636897463226,1.149541949057754,0.1066196254296394,-0.3737097444130404,5.0686346515028945e-09,True
0.2782190523055072,0.1324931587508315,0.1849914571083629,3.141592653589793,0.4218325230361612,0.461793682949426,5dof,-2.679798970640367,-0.990622081347158,-1.3751044637123182,-1.1976986315664786,0.461793681942058,0.2072001790428847,-0.8116504247047994,1.026282768698076,3.141592653156589,True
-0.2557908890603416,0.2463436138261657,0.0919140880777977,0.0,0.0174408871195059,2.3978856186392914,5dof,2.3978856186392914,0.9177880984783968,-0.7222189499441644,-0.1781282614147266,2.397885670239883,0.6153703376969638,-0.1515868798508417,-0.4463425706527227,1.9349092208088033e-09,True
0.1620377741934742,-0.0424982891121359,-0.0638018896796903,3.141592653589793,1.2770266054526145,2.8655722238781065,5dof,-0.276020429711687,0.7082464330112561,0.0393429914622069,1.1169766236637158,-0.2760211553276029,0.6213041216605565,-0.1093617493544604,1.3526236580215536,-6.959138003199102e-07,True
0.263888204211192,0.0286564769351048,0.2165827415437868,3.141592653589793,0.4383318810984669,0.1132796041936468,5dof,-3.0283130493961465,-0.8828871150702905,-1.1544352309348649,-1.5426021886831047,0.1132796042412433,0.0852161553560592,-1.013673919305792,1.3667896450488808,3.1415926536099943,True
-0.0401483435381302,-0.0194739247302865,-0.16715650352197,3.141592653589793,1.420174866756034,0.3573963627683467,5dof,-2.7841962908214466,1.3172439146610602,0.71630619468218,-0.3121323225094807,-2.784208798273795,1.0089299211130067,0.903209032164604,-0.190722379217726,-1.2509896114196692e-05,True
0.2161064304017844,-0.1526597918466664,0.1407287947810686,5.551115123125783e-17,-0.2340936449412558,-0.642182750251673,5dof,-0.6421827502516728,0.069534029518502,0.5701576039233078,-0.8737852783830659,-0.642182697877759,-0.1082573284103239,0.8703351240635049,-0.9961714544701884,3.4557520563923855e-08,True
0.2137517283040225,-0.2243952066459131,0.227029731263389,0.0,-0.8606396051907269,-0.8384836187194078,5dof,-0.8384836187194078,0.6499872544010907,-0.5255821270134444,-0.9850447325783734,-0.8384836098735712,0.5274896131226746,-0.0953495003942963,-1.2927797179212963,-6.707447119634563e-09,True
0.0864821884713546,0.2593879017813596,0.3254399717868513,2.220446049250313e-16,-0.8925621202033285,1.2911735441102257,5dof,1.291173544110226,0.6931072749849325,-1.4449974842799806,-0.1406719109082803,1.2911735527056558,0.1879992696250149,-0.3539291172433013,-0.7266322725875513,-6.6931112169193605e-09,True
0.2584368568989352,-0.071307824079721,0.10905227250598,-2.775557561562892e-17,-0.028859765940014,-0.2816626828892151,5dof,-0.2816626828892152,0.0896975274150226,0.6054214155000679,-0.7239787088551047,-0.2816626837740855,-0.1321754718286208,0.8885225670891381,-0.7852068612005473,1.7142920266875324e-12,True
-0.0856877434551521,-0.2081352990632496,0.2176918349924827,0.0,0.3558002382063672,-2.009622485194858,5dof,-2.009622485194857,-0.1000968901494385,-0.5226483447337159,0.9785454730895216,-2.009622502094118,-0.2686001060517956,-0.4753486045078954,1.099748948778158,-5.88670810836611e-09,True
-0.0874655448857546,-0.3187052205843124,-0.0531946946245179,2.220446049250313e-16,0.6230299586473542,-1.8733100090074053,5dof,-1.873310009007406,1.1698976062400446,-0.5988058362096825,0.0519381886169922,-1.8733102439329632,0.8678912389906823,-0.1229911252273034,-0.1218701551056068,-1.3708532525661768e-07,True
0.2685659676997595,0.0035386941053675,-0.1283098991365906,-2.6020852139652106e-18,0.6471564562719139,0.013791656662371,5dof,0.013791656662371,1.3134816209771496,0.0446349576834679,-0.7109601223887032,0.01379165455576,1.1346921744183618,0.4104306131235862,-0.897966331270043,-1.017517388846484e-09,True
0.3727791017035669,0.027847869626018,0.1113297591614447,0.0,0.0215123373084462,0.077035394805057,5dof,0.077035394805057,0.8558840001680199,-0.7650589102249492,-0.0693127526346246,0.077035395814395,0.5352840971626476,-0.1846508839969561,-0.3291208758571546,2.1258206697788712e-11,True
0.0836698891434379,-0.1167648809123302,0.3921411063586181,-3.3306690738754696e-16,-1.2886788145592174,-1.0202939691456,5dof,-1.0202939691456003,-0.1190358298278049,-0.6000429793097672,-0.5696000054216457,-1.020293968940423,-0.3433909889623471,-0.0790534195786755,-0.8662344060517537,-1.964612943458437e-10,True
0.0141805825621472,0.3347117440076969,0.0730130627029163,-1.1102230246251563e-16,0.3513022062416631,1.5642816115151907,5dof,1.5642816115151907,0.6469177082008781,-0.3959094444171218,0.1002939424579067,1.5642815705010205,0.3679397187277706,-0.018962301860365,0.0023247896605876,-1.4275609277087752e-08,True
-0.1079907798127743,-0.2574046148224437,0.1156390425999819,0.0,-0.3878069323105855,-2.0070042982468483,5dof,-2.007004298246848,0.5112465439768696,0.3175172513974773,-1.2165707276849325,-2.00700429846724,0.4497279204284276,0.6244326024089849,-1.4619674551479032,8.318430607841994e-11,True
0.2022107216948189,-0.102311809416014,0.3670844610958741,3.141592653589793,-0.9675345806965444,-0.49349559779692,5dof,2.6480970557928734,-0.9834344173327118,-1.0134388522971731,-0.1771848032633638,-0.4934956331281882,-0.1045323137671236,-0.2792751846548918,-0.5837270822752239,3.141592652114269,True
0.1611432277484666,-0.2063662734626174,0.229172380167442,3.141592653589793,0.3308412945281906,-0.9449899707525996,5dof,2.1966026828371934,-0.9264508827080512,-1.0377448120499504,-1.5082382533599823,-0.944989979806034,-0.0166438673655008,-0.8326663051157246,1.1801514707882612,-3.141592653939693,True
-0.0707082779468505,0.1984588784655421,0.3666898785151321,-3.1415926535897927,-1.16592100896439,1.9656607701152773,5dof,-1.1759318834745158,-0.9967667815811918,-1.1828942124352515,0.2039893493910403,1.9656607736662508,0.071721697019404,-0.3547931736658082,-0.8828495323190011,-3.14159265342516,True
0.2666904859474751,-0.1672018225749723,0.0410718579037323,-1.6653345369377348e-16,0.6373674779872824,-0.5809242689633896,5dof,-0.5809242689633893,0.5396186218415249,-0.2032448253619001,0.3009936815076577,-0.5809242686559535,0.2846974272383901,0.0405194307967686,0.3121506199558352,1.8424099543949278e-10,True
-0.1474208671735962,0.2087963768777172,0.1926735023560431,0.0,0.4255906554686142,2.222896221956444,5dof,2.222896221956444,0.1281037417699351,-0.645276400247595,0.942763313946274,2.222896210744859,-0.0712365804693064,-0.5250886124262112,1.0219158483649429,-4.6290147904693675e-09,True
-0.2805029715831256,-0.0336360873443425,-0.1040003010864448,0.0,0.763365731784063,-3.027101546385987,5dof,-3.027101546385988,1.2134217818438628,-0.2930557832922824,-0.1570002667675176,-3.0271016373409085,0.9517930198853846,0.1045636303952698,-0.2929909185010549,-6.28839607631777e-08,True
-0.135129022785096,0.2470770456307786,0.0669592481467041,0.0,1.028385185207919,2.1078844252326467,5dof,2.1078844252326467,0.743329914816302,-1.0495430947772546,1.334598365168872,2.1078844219300854,0.6117487674820183,-1.0539393765987903,1.4705757943249005,-2.828534064183289e-09,True
-0.1150539130486226,-0.3264414556629417,0.1965858317094875,1.1102230246251563e-16,-0.1670304866032661,-1.9419655395176687,5dof,-1.9419655395176687,0.9372074520939462,-1.4395017293515138,0.3352637906543012,-1.941965774582132,0.3731878599915531,-0.3742240963203441,-0.1659942503273641,3.9165711448541214e-08,True
0.0249582348018631,-0.0764854050851695,-0.0036576517414648,3.141592653589793,0.0107990978406518,-1.4029689477875182,5dof,1.7386237058022749,1.109437097441769,1.130143409131125,0.8912130491762473,1.7386235963820964,0.9277293661175324,0.9284545022012988,1.2746096658774464,-1.278527504112125e-07,True
-0.0553853905333217,-0.0252631133369992,0.29327400304917,0.0,-0.9002398934455181,-2.782905358176334,5dof,-2.7829053581763343,-1.2036928458037464,0.6356090441517024,-0.332156091793474,-2.782905358308576,-1.4945525017436043,0.8436766323297279,-0.2493640242626225,1.3207519744486054e-10,True
-0.051323040866106,-0.1020752512100672,0.1541406431372437,4.440892098500626e-16,0.9485799443861632,-2.1260494919721857,5dof,-2.1260494919721857,-0.5837049219509032,-0.0862034699792317,1.6184883363162978,-2.1260494920095603,-0.5290214916134839,-0.4317331647686099,1.9093346007780847,-3.276777652757863e-11,True
-0.055463205518301,0.314284013586117,0.0022423087126609,0.0,0.9325071298719978,1.7822444419923742,5dof,1.7822444419923738,1.0362576051023096,-1.0312430265547543,0.9274925513244427,1.7822444378722786,0.7237899042373902,-0.6497052507420359,0.8584224763775411,-3.308917784904477e-09,True
0.1610624624311417,-0.0267498265967414,0.3813375735119246,5.134781488891349e-16,-1.529660696042888,-0.1775638376826518,5dof,-0.1775638376826513,0.1853935579864138,-0.8305246964872728,-0.884529557542029,-0.1775639219307667,0.0147007092323394,-0.299494488625912,-1.244866916794926,8.417946085197581e-08,True
0.3189560804746526,-0.0455355440094123,0.2238512574594943,3.141592653589793,0.0735499720658769,-0.1472714338728533,5dof,2.99432121971694,-1.0779137284177611,-1.228911129312782,-0.908317767925127,-0.1472714339611981,0.1149591877016543,-0.5447591654207016,0.5033499498158835,-3.141592653596313,True
-0.1131419842436623,-0.0556803735517564,0.1888502604649606,0.0,0.7116623466416065,-2.722956592930942,5dof,-2.722956592930942,-0.5342677092545346,-0.2692654954299616,1.515195551326103,-2.722956119601339,-0.506731046265363,-0.5835114679786011,1.80190505909359,4.796386145017616e-07,True
-0.0198593997296888,0.1517572141062917,0.3394867975358751,-1.1102230246251563e-16,-0.2427888066089572,1.777727837058145,5dof,1.777727837058145,-0.1889277717039812,-1.1105938961002484,1.0567328611952724,1.777727839411849,-0.492438489708972,-0.7532218884559486,1.0028715716931318,-6.60171753429208e-10,True
-0.2634395708799948,-0.1085786111012981,-0.0319709717715834,0.0,0.0591585306925022,-2.76609521054853,5dof,-2.76609521054853,1.1379794970474708,0.0698572248825761,-1.1486781912375452,-2.766095210261965,1.0632167028089676,0.399958282687564,-1.40401645480403,-1.1046428642977556e-10,True
-0.2472243797633168,0.1959197082054298,-0.0252477744157612,0.0,0.2521878958500134,2.4943949691539764,5dof,2.4943949691539764,1.058773074535349,-0.1847423903794167,-0.6218427883059188,2.4943949773669223,0.86392078680936,0.2241496974390149,-0.8358825883938628,2.049670459436797e-09,True
0.3379022174652358,0.0227537261626741,0.1335897117725752,0.0,0.0503217988091633,0.0697045360758448,5dof,0.0697045360758448,0.4666745922520463,-0.2793942848204138,-0.1369585086224694,0.0697042023878828,0.204365236613398,0.110089340191,-0.2641329713992812,-1.453763093988498e-08,True
-0.0379427796115617,-0.1880106342799878,0.3407637907881393,-3.141592653589793,-0.5597309232036898,-1.8304381527520908,5dof,1.311154500837702,-0.9878037716608512,-0.535511357569252,-1.0585466011560003,1.311154500815899,-1.0915175364984882,-0.1239419708430406,-1.3664022230443469,1.1457244771401514e-11,True
0.0310552289704402,0.1131381906131661,0.2467367436108675,1.1102230246251563e-16,-0.0253213408189865,1.4039379362907791,5dof,1.4039379362907791,-0.9826444803706038,0.1338278987308105,0.8234952408208065,1.4039374800362547,-1.1379742753129154,0.0853186731085204,1.0273339987922046,-4.638492074334785e-08,True
0.2251421336198516,-0.2081995874348239,-0.0339589932435772,0.0,0.8264143988491277,-0.7736682082297309,5dof,-0.773668208229731,0.8245495396022973,-0.2241068664276932,0.2259717256745239,-0.7736675933753276,0.563139194875056,0.0521009322011013,0.2111742765485927,4.533364414166183e-07,True
-0.0165242678447592,-0.1254115675986321,0.1496561685835867,0.0,0.596505188565339,-1.7944369898830916,5dof,-1.7944369898830916,-0.8819477871258719,0.3672033815302475,1.1112495941609632,-1.7944369898847845,-0.9650102316889304,0.1857387167054136,1.3757767035490098,-1.0311553595351096e-12,True
-0.1474628569036591,0.2297829179221015,0.297193750220195,0.0,-0.3644844354035847,2.177465027054196,5dof,2.177465027054196,0.3781334113971497,-1.1080249516744958,0.3654071048737612,2.1774650371337145,-0.0464225966608009,-0.3850424984380118,0.0669806596948508,-3.593097215377606e-09,True
0.2850182850349405,0.0356329823842564,0.1164848434698047,-1.3877787807814457e-17,-0.4855686345804701,0.1297814150967667,5dof,0.1297814150967666,0.5551355271258585,0.3555353202683395,-1.396239481974668,0.1297814150980783,0.5440772840884561,0.633787264864243,-1.6634331835331693,-9.528938592512316e-13,True
-0.1983393284853737,-0.268416636925799,0.215892660886741,-3.141592653589793,-0.2023378962043509,-2.235475550419771,5dof,0.906117103170022,-1.1735778293098034,-1.46825261588903,-0.2974243121866089,-2.235475487825121,0.303136872651283,-0.3784993355145845,-0.1269754340457738,-3.141592653381865,True
-0.1363919375165372,0.2936419782477689,0.1735033067809921,0.0,-0.3857738922836222,2.038714672011165,5dof,2.038714672011165,0.5896170671636787,-0.374657810248411,-0.6007331491988899,2.0387146749393787,0.3856435575416452,0.0791785096233121,-0.8505959594494941,-1.1018485819187087e-09,True
-0.2642123208061337,-0.0191136069456144,0.0721360415794481,0.0,0.9983932918338692,-3.072503824522564,5dof,-3.072503824522564,0.540475640276636,-0.7118415547959261,1.1697592063531592,-3.072503677347486,0.4064473045831825,-0.7232388537519328,1.315184841024572,1.2371676390880593e-07,True
-0.036064603871409,-0.0774887693821872,0.123134679484288,0.0,0.5446687971271187,-2.125993070916053,5dof,-2.125993070916053,-1.306687123341923,0.6838188893162176,1.167537031152824,-2.125993069551944,-1.3776646961517065,0.4643177735355703,1.4580157197445347,1.1546884544607646e-09,True
-0.3321210352455813,0.0343339452317646,0.1004756898109146,3.141592653589793,0.4795358735973192,3.042148881821711,5dof,-0.0994437717680822,-1.37844142368099,-1.338567460867448,-0.904119642638674,3.0421489798683927,0.4854893485295573,-0.5869048630969589,0.5809513881647279,-3.14159260811723,True
-0.1304700970615902,0.3165682194226253,-0.0627348814001379,2.220446049250313e-16,0.5871567644818341,1.993688075588241,5dof,1.99368807558824,1.3798097153966529,-0.9366949478421024,0.1440419969272839,1.993688077474356,1.0090870794970188,-0.2893733876721047,-0.132556927342743,1.0449026274601332e-09,True
0.2217735090787131,-0.0967326922388962,0.1856943066925454,-2.775557561562892e-17,0.1526757465760544,-0.4320703389572818,5dof,-0.4320703389572817,-0.3121767125580779,0.1813827598928057,0.2834696992413263,-0.432070346799863,-0.5561146342696619,0.3194750083905442,0.3893153726862419,-3.097458537312061e-09,True
-0.0471134032511443,-0.26604280196906,-0.0882452156931855,0.0,0.6105385952707199,-1.7894394132535447,5dof,-1.7894394132535447,1.073985668182076,0.1225750369682512,-0.5860221098796072,-1.789439411768822,0.8686393140992552,0.469232140148051,-0.7273328589764814,8.512053338251551e-10,True
0.1903297446608055,-0.0402269092240245,0.0943413100336248,0.0,0.6994331045077637,-0.2218626130540402,5dof,-0.2218626130540402,-0.4757632421176549,0.5469448794051166,0.6282514672203019,-0.2218627464886287,-0.6743173979790898,0.4914035901225842,0.8823469191714498,-1.0806603265766276e-07,True
-0.1596359659432332,-0.0034711148112171,0.1859855091805781,0.0,-0.1957345599487123,-3.121371706996758,5dof,-3.1213717069967584,-0.8071789223377988,0.8384178298357576,-0.2269734674466712,-3.121371706996759,-1.1490831125388423,0.9774862229211831,-0.0241376703310533,3.835696396953447e-16,True
-0.275389126075875,-0.0896846676968647,-0.1237547142798238,0.0,0.631805769128726,-2.839102293924645,5dof,-2.839102293924646,1.431563217397255,-0.4536788595484091,-0.3460785887201203,-2.8391023802778,1.180135940389396,0.0205591651223536,-0.5688893328905572,-7.051192863842695e-08,True
0.1366668815316319,0.1825058457227283,0.0697558611130871,5.551115123125783e-17,0.1585812554643306,0.9715136112749284,5dof,0.9715136112749284,-0.0226732174004953,0.9387318710262936,-0.7574773981614676,0.9715135880183732,-0.3229946030765358,1.1778090779132462,-0.6962332192522245,-3.499458503708223e-09,True
-0.1660042570750062,-0.182243606721847,0.0780125754793895,0.0,0.1623051716643799,-2.344427164423444,5dof,-2.344427164423444,0.127977846409703,0.6274759682118347,-0.593148642957158,-2.3444271618898305,-0.1258616162105949,0.889084843508317,-0.6009180556330113,4.094444156331378e-10,True
-0.2163877221224676,-0.0803338863597277,0.143154389059366,0.0,0.305633848666152,-2.803365490407198,5dof,-2.8033654904071983,-0.1988188120619511,0.2686436691935072,0.2358089915345962,-2.803365490581537,-0.44847510129476,0.4008848155137802,0.3532241344519694,-3.5738907976348394e-09,True
0.2340908305192383,-0.099822132872299,0.0677880417893283,1.1102230246251563e-16,0.558906217657476,-0.4224092218069762,5dof,-0.4224092218069764,0.003698180035224,0.4362410128364802,0.1189670247857721,-0.4224094483896007,-0.2629505665226778,0.5657352977923386,0.2561215720331296,-2.92717168826557e-07,True
0.1563970781797182,-0.0730110826500432,-0.1754350482150199,5.551115123125783e-17,1.1723547630368794,-0.4681391862827961,5dof,-0.4681391862827961,1.3548106874993642,0.3555461682059002,-0.5380020926683848,-0.4681391895314683,1.1267175346404414,0.6551067074646773,-0.6094694790682155,-2.9029495961341558e-09,True
0.278478245410815,0.101054941916493,0.2491251857254363,2.775557561562892e-17,-0.0689570353001161,0.3624687368468571,5dof,0.3624687368468571,0.2214722075668207,-0.7389530433337776,0.4485238004668408,0.3624687368509994,-0.0934780667949142,-0.3123604933211981,0.3368815248159607,-8.620239853054261e-13,True
-0.0498203820643705,-0.0340441577459948,0.2024885119150624,0.0,0.3016268233343839,-2.6382162278986523,5dof,-2.6382162278986527,-1.1755189432944535,0.1019903539172251,1.375155412711612,-2.638216247171272,-1.191864547363493,-0.1485378916010919,1.6420292623744384,-1.6233966305227033e-08,True
0.1934109897385192,0.0413755171570263,-0.0189149486192656,3.3306690738754696e-16,1.4893066614719048,0.224240414797693,5dof,0.2242404147976926,0.3742183797193741,0.1606061872507536,0.9544820945017768,0.2242404768312585,0.2498501296282696,0.057681861831261,1.1817746702051275,6.183203320475627e-08,True
-0.0203082870585074,0.1690883959130226,-0.1015919779836788,3.3306690738754696e-16,1.453892358347141,1.7595940257937517,5dof,1.759594025793751,0.756932912020368,0.3801753284423188,0.3167841178844537,1.7595922925545944,0.5125912586803337,0.4598321281936508,0.4814689957875919,-1.721761146619141e-06,True
0.139326123202353,0.1410852762201362,-0.1454091499455697,-1.1102230246251563e-16,0.7736019929417024,0.8366147667631111,5dof,0.8366147667631116,1.3595326147894178,0.4579710443832339,-1.043901666230949,0.8366147634756941,1.2416170091369534,0.7703377569421251,-1.2383527731366288,1.808970030050399e-09,True
-0.1806820174741143,0.1989253962867647,-0.1554420169769297,0.0,0.8314888074070965,2.340252887204489,5dof,2.340252887204489,1.4996143148224013,-0.4586189811287602,-0.2095065262865447,2.3402528226946697,1.23113887797475,0.0044390115908385,-0.404089082146188,-4.766943620922727e-08,True
-0.1138007237731399,-0.1454389274927993,-0.1442215148633018,2.220446049250313e-16,1.1794336493621724,-2.2839189336804715,5dof,-2.283918933680472,1.1109113354995277,0.307020994005363,-0.238498680142718,-2.2839189440527843,0.852152124928952,0.5622807160879293,-0.2349991916534351,-9.588126125965558e-09,True
0.1945499094283162,0.0870995674355656,-0.1560453157452534,-5.551115123125783e-17,0.6985548419976699,0.4451826890692458,5dof,0.4451826890692456,1.4840703898935752,0.2800313842974222,-1.0655469321933275,0.4451826954829807,1.3819140518670447,0.6048473542122063,-1.2882065641747251,3.31701436261282e-09,True
0.083660074881439,-0.0075495537162237,-0.1284745294175218,-3.1415926535897927,1.1685038222098827,3.0366275503442783,5dof,-0.1049651032455147,0.9751167318700849,0.5797970369689769,0.4181750625408493,-0.1049657591655483,0.7347677316257565,0.5843088255565354,0.6540122704833328,-6.037685765560502e-07,True
-0.0936418345249734,0.096228196041676,-0.1082267449827116,0.0,1.215007706792759,2.4027929072019667,5dof,2.4027929072019667,0.7799914749929053,0.8559462010635359,-0.4209299692636827,2.4027929710703138,0.4435002140720152,1.0406102324383113,-0.2691027396993783,5.986914690218897e-08,True
-0.031352129599638,0.3071615412029587,0.2566607995560194,3.141592653589793,-0.3617627307848505,1.7110081024869528,5dof,-1.4305845511028406,-1.3416499484529265,-0.8601906659002627,-0.5779893084517536,1.711008102935112,0.1114632519845535,-0.2422706213049218,-0.2309553614644828,3.141592653428286,True
0.2151883192819556,0.0420395456644717,-0.107905590569912,-2.775557561562892e-17,0.4465145844226521,0.2040207313268859,5dof,0.204020731326886,1.342568941653714,0.5250320872287157,-1.4210864444597775,0.2040207314157839,1.3381382962486346,0.7982674217731657,-1.6898911335629194,9.135000015878859e-11,True
-0.2144601378751299,0.0482965647547743,0.2890464443878997,0.0,-0.9433206165101764,2.931473131256472,5dof,2.931473131256472,0.0755273698026721,-0.0894291102183768,-0.9294188760944716,2.931472960391164,-0.0523798648956671,0.2855492619805058,-1.1764900457116356,1.5689576248802482e-07,True
0.0593317703311878,-0.152782335982614,0.4037564190260938,-3.1415926535897927,-1.0601092212714869,-1.2703743108036805,5dof,1.871218342786113,-0.5565700924004684,-1.4391435529067744,-0.0857697870110636,-1.2703743132315757,-0.3092201912897777,-0.3492288022678466,-0.4016602277144481,3.141592653914218,True
-0.1052455744652652,-0.3561245544095181,0.0998157061853234,0.0,-0.2898469572572679,-1.8888460210487887,5dof,-1.8888460210487887,1.3598291723361895,-1.3676370413708,-0.2820390882226575,-1.8888456432105225,0.914796360908134,-0.3694024034420475,-0.8352409161395867,-1.0911147425435153e-07,True
0.2961596723159851,-0.1661627443468515,0.0854951708279733,5.551115123125783e-17,-0.7039730697344092,-0.5291317774666433,5dof,-0.5291317774666431,1.2877467457294078,-0.7047836387250356,-1.2869361767387812,-0.529131757111861,1.2422094584004426,-0.3589128613131572,-1.587269670196484,-1.3951496134176388e-08,True
-0.0775108787119908,0.027606877129038,0.2108226634875308,0.0,0.3862496915850844,2.842429795834356,5dof,2.842429795834356,-0.9463948477900676,-0.0557698578801431,1.3884143972552951,2.8424297958275027,-0.9600972336879254,-0.3074828583043378,1.6538297835778963,-2.33937821070736e-12,True
0.0996012732459522,0.1760456996625601,0.2051197461201522,1.1102230246251563e-16,0.0283580655328907,1.1090663120361175,5dof,1.1090663120361173,-0.5785501494301435,0.3433213619235158,0.2635868530395184,1.109066314861153,-0.8275946283753671,0.4487626376411158,0.407190056244216,-3.84179866921289e-11,True
-0.0219294393638599,-0.1555566731734194,0.1274320963642929,1.1102230246251563e-16,0.9456569798036698,-1.7855491446412266,5dof,-1.7855491446412266,-0.4227876628705465,0.0641278064199994,1.3043168362542168,-1.7855491447216914,-0.4588404713168999,-0.1594287564694126,1.563926207590962,-6.538934930529909e-11,True
0.3045755627253234,0.1198490760165318,0.2413561305606356,-2.775557561562892e-17,-0.8639375262054386,0.3887843823096696,5dof,0.3887843823096695,0.8478623672310279,-1.0046216041738256,-0.707178289262641,0.388784381817854,0.6049566085720931,-0.3517538746767056,-1.1171402601056946,3.7442535015866284e-10,True
0.0626449390798319,-0.2515838968892047,-0.0946086365063423,4.551914400963142e-15,1.534740691059559,-1.3721468755656154,5dof,-1.37214687556562,1.4314359984012173,-1.2514033915550813,1.3547080842134227,-1.3721468721966614,1.2071485264018642,-1.063024561208178,1.3906167258830866,3.366778494747545e-09,True
0.0435078924562038,-0.2902444490798044,0.2175719982697471,0.0,-0.6207255934118909,-1.4626633643386997,5dof,-1.4626633643386997,0.3661785278463241,-0.1538319867296529,-0.8330721345285622,-1.462663360456829,0.2158972605685522,0.2399198976134527,-1.0765427515961723,-2.3597722131361127e-09,True
-0.0292318856393682,0.0613563692160513,0.268336778298849,-2.220446049250313e-16,-1.2654804227972414,2.162486708128661,5dof,2.162486708128661,-0.9243698606929296,0.9856420568093148,-1.3267526189136267,2.162486708284349,-0.9828823046072828,1.2627241221493328,-1.5453222403426596,-1.5560761512635956e-10,True
0.1017813911523337,-0.2769248762138718,0.0866317845532141,-3.3306690738754696e-16,0.9553208148502246,-1.257280503628,5dof,-1.2572805036279997,0.8226466744990764,-1.332564789012155,1.4652389293633032,-1.257280560657262,0.6546576842255419,-1.258795881759465,1.5594590125665555,-4.656748570232409e-08,True
-0.1083206534482266,-0.2943020464462388,0.182118439275508,1.1102230246251563e-16,-0.4687074107939295,-1.9588948616628328,5dof,-1.9588948616628328,0.5339940457277534,-0.2707668323369794,-0.7319346241847035,-1.958894863071995,0.360044075408359,0.1521253762686448,-0.9808768624713134,6.36656583804667e-10,True
-0.087799424110307,0.2014871409901799,0.3616282827500507,-3.1415926535897927,-1.1274507430755911,2.030688202613508,5dof,-1.1109044509762849,-0.923707064395942,-1.381997732261684,0.2915628861434243,2.030688224956479,0.102311968061075,-0.3731012193724211,-0.8566614928265213,-3.141592650801473,True
