trial,success,planning_time,wall_time,path_length_joint,trajectory_duration,timestamp_utc,elapsed_time_sec,start_state_json,goal_pose_json,waypoints_json
0,True,3.049287095,3.100101947784424,2.7737847136156093,2.07607887,2026-02-19T10:24:02.849655+00:00,3.1019389629364014,"[0.0, 0.0, 0.0, 0.0, 0.0]","[0.0508719382719043, -0.0390972322597038, -0.0709669022665221, -0.0969221178432401, 0.5218504551358758, 0.7099877390174618, 0.462812722374972]","[[0.0, 0.0, 0.0, 0.0, 0.0], [-0.003556881204457019, 0.00621973635726904, 0.0028225089236646023, 0.0025222892821515153, -0.009999999999999978], [-0.014227524817828095, 0.024878945429076194, 0.011290035694658425, 0.010089157128606073, -0.039999999999999966], [-0.03201192889255713, 0.055977623809829666, 0.02540257876752798, 0.022700602158294253, -0.08999999452453991], [-0.05691006825192162, 0.09951572747428165, 0.04516011816366845, 0.040356606517660175, -0.15999991279047845], [-0.08892195272615379, 0.15549327361205686, 0.07056266168371096, 0.0630571771776112, -0.24999978243503945], [-0.12804758092951687, 0.22391025979998813, 0.10161020822802519, 0.09080231315548057, -0.35999959956229094], [-0.17428695357836518, 0.30476668729072776, 0.1383027583650632, 0.12359201495925619, -0.48999936618622836], [-0.22764007057469404, 0.39806255591289985, 0.18064031201705488, 0.16142628251944013, -0.6399990820313164], [-0.2881069308760307, 0.5037978638435856, 0.22862286835676177, 0.20430511509678417, -0.8099987441666932], [-0.35568753457466795, 0.6219726112441729, 0.28225042745742157, 0.25222851275673586, -0.9999983528518355], [-0.42765092943750754, 0.7478113215334135, 0.3393558837552153, 0.30325987679057825, -1.2023199675649283], [-0.4935299799864029, 0.8630106499135358, 0.3916332012612955, 0.3499766529678594, -1.3875357416153637], [-0.5522952681263834, 0.9657705055791189, 0.4382655009200459, 0.3916488505808369, -1.5527515156657974], [-0.6039467938574501, 1.0560908885301639, 0.4792527827314671, 0.4282764696295115, -1.697967289716231], [-0.6484845571796037, 1.1339717987666726, 0.5145950466955601, 0.4598595101138838, -1.8231830637666675], [-0.6859085580928428, 1.1994132362886427, 0.5442922928123234, 0.4863979720339527, -1.9283988378171029], [-0.7162187965971685, 1.2524152010960754, 0.5683445210817579, 0.5078918553897189, -2.01361461186754], [-0.7394152726925801, 1.2929776931889703, 0.5867517315038634, 0.5243411601811823, -2.078830385917977], [-0.7554979863790776, 1.3211007125673269, 0.5995139240786395, 0.5357458864083425, -2.1240461599684144], [-0.764466937656661, 1.3367842592311452, 0.6066310988060863, 0.5421060340711997, -2.1492619340188512], [-0.766525658541106, 1.3403842392131606, 0.6082647654183981, 0.5435659337201592, -2.1550499285176987]]"
1,True,0.4795725,0.5793561935424805,3.0546047007120385,2.082904543,2026-02-19T10:24:03.429769+00:00,3.682051420211792,"[0.0, 0.0, 0.0, 0.0, 0.0]","[-0.0060840360184177, -0.0269708489571175, 0.1457154468873741, -0.3521347809885856, 0.4981960218513118, 0.7246534736056746, -0.320435895337707]","[[0.0, 0.0, 0.0, 0.0, 0.0], [-0.009999999999999998, -0.006055797439492414, 0.004616603919299922, 0.002260447638164119, 0.005932219673299133], [-0.039999999999999876, -0.024223189757969586, 0.018466415677199633, 0.00904179055265645, 0.023728878693196467], [-0.08999997552569576, -0.05450216213428884, 0.04154942397488241, 0.02034402321118875, 0.0533899625409973], [-0.15999987696973847, -0.09689268452724435, 0.0738656059106, 0.036167134400279494, 0.09491544178853235], [-0.2499997288128619, -0.1513947717618727, 0.1154149727861376, 0.05651112965367039, 0.14830533095831075], [-0.3599995505809099, -0.2180084356626294, 0.16619753361580392, 0.0813760133850762, 0.21355964163349203], [-0.48999930871753405, -0.29673365590846956, 0.22621327290796206, 0.1107617780092601, 0.2906783539077132], [-0.6399990135542712, -0.3875704387559627, 0.29546219543227337, 0.14466842586161188, 0.37966147390986876], [-0.8099986914534691, -0.49051880016961247, 0.3739443133591895, 0.18309596290120214, 0.4805090172786825], [-0.9999983172488212, -0.6055787249092133, 0.4616596150704235, 0.22604438343931912, 0.5932209690849486], [-1.2031424730412632, -0.7285987107587854, 0.5554432256518497, 0.2719640561561061, 0.7137305448357155], [-1.3897233816523524, -0.8415883296213055, 0.6415802410478992, 0.3141396935757513, 0.8244144385081886], [-1.5563042902634414, -0.9424663536048408, 0.7184840486053488, 0.3517944357190682, 0.9232338928340634], [-1.702885198874532, -1.0312327827093921, 0.7861546483241992, 0.3849282825860572, 1.0101889078133408], [-1.8294661074856218, -1.107887616934958, 0.8445920402044496, 0.41354123417671784, 1.0852794834460195], [-1.936047016096711, -1.172430856281539, 0.8937962242460997, 0.4376332904910501, 1.1485056197320995], [-2.0226279247078, -1.2248625007491347, 0.9337672004491498, 0.457204451529054, 1.1998673166715812], [-2.089208833318888, -1.2651825503377456, 0.9645049688135998, 0.47225471729072954, 1.239364574264464], [-2.1357897419299765, -1.2933910050473716, 0.98600952933945, 0.48278408777607684, 1.2669973925107487], [-2.1623706505410656, -1.3094878648780128, 0.9982808820267007, 0.48879256298509616, 1.2827657714104357], [-2.1692438138002976, -1.31365011332466, 1.0014539492707566, 0.4903462055507009, 1.286843082840857]]"
2,False,10.043092012405396,10.043092012405396,0.0,0.0,2026-02-19T10:24:13.473464+00:00,13.725689172744751,"[0.0, 0.0, 0.0, 0.0, 0.0]","[-0.0385613826680224, -0.0065761258095708, -0.0671658970329017, 0.3066873361957893, 0.6637837450490011, -0.377029060995337, 0.5684919566632652]",[]
3,False,10.014180898666382,10.014180898666382,0.0,0.0,2026-02-19T10:24:23.488659+00:00,23.740946531295776,"[0.0, 0.0, 0.0, 0.0, 0.0]","[-0.0204232364125262, -0.0729115183281938, 0.2668650675807861, 0.5349281683955971, -0.3380513902345461, 0.7373365704172635, -0.2364485020944942]",[]
4,False,10.078137874603271,10.078137874603271,0.0,0.0,2026-02-19T10:24:33.567311+00:00,33.81950545310974,"[0.0, 0.0, 0.0, 0.0, 0.0]","[-0.0936822536671506, -0.0895206074504337, 0.2922782488817997, 0.2300202708267938, -0.8280640924432963, 0.0594425882848586, 0.5078061761270974]",[]
5,True,1.860163874,1.920013666152954,3.496012047654579,2.376214871,2026-02-19T10:24:35.493425+00:00,35.745710611343384,"[0.0, 0.0, 0.0, 0.0, 0.0]","[0.0073825068328577, 0.0205507246117878, 0.2697914546845983, 0.5790412259910693, 0.7738621519424662, 0.0227047239269565, -0.2556034504953628]","[[0.0, 0.0, 0.0, 0.0, 0.0], [0.006324078710127524, -0.0031434863603450017, -0.00017379593033755043, 0.0018539548654902377, -0.009999999999999992], [0.025296314840510103, -0.01257394544138001, -0.0006951837213502019, 0.007415819461960954, -0.03999999999999998], [0.056916708391147645, -0.02829137724310498, -0.001564163373037952, 0.01668559378941212, -0.08999999999999982], [0.10118521833172117, -0.05029576137073136, -0.00278073375782115, 0.029663265819473598, -0.15999993512047972], [0.1581018591449078, -0.07858710502310977, -0.004344895273707232, 0.04634883979785942, -0.24999982826228861], [0.22766663618277558, -0.11316541086057286, -0.006256648067779699, 0.06674231729357166, -0.35999968788842684], [0.30987956172366016, -0.15403068498626737, -0.008515992477467111, 0.0908437019061038, -0.48999953341411095], [0.4047406356512765, -0.20118292734239193, -0.011122928499573763, 0.11865299360136594, -0.6399993646554639], [0.5122498456361287, -0.25462213180036986, -0.01407745579526514, 0.15017018876486657, -0.8099991621163724], [0.6324071981890064, -0.31434830159649496, -0.01737957454346828, 0.18539528930529633, -0.999998936092074], [0.7652126840604825, -0.38036143213318896, -0.021029284489993933, 0.22432829251111083, -1.209998671956838], [0.9104874505637386, -0.4525726217684428, -0.025021670473199805, 0.26691676626940763, -1.4397155574703115], [1.052932880456117, -0.5233774435432089, -0.028936301701750572, 0.30867579709755155, -1.664958531856862], [1.1827301529282395, -0.5878952925972845, -0.0325033410696262, 0.3467269181947146, -1.870201506243411], [1.2998792679801094, -0.6461261689306714, -0.035722788576826814, 0.38107012956089803, -2.0554444806299648], [1.404380225611723, -0.6980700725433676, -0.03859464422335228, 0.4117054311961006, -2.2206874550165154], [1.4962330258230834, -0.7437270034353747, -0.04111890800920269, 0.43863282310032314, -2.365930429403069], [1.575437668614187, -0.783096961606691, -0.043295579934377965, 0.4618523052735648, -2.491173403789621], [1.6419941539850376, -0.8161799470573181, -0.04512465999887819, 0.48136387771582656, -2.5964163781761753], [1.6959024819356325, -0.842975959787255, -0.0466061482027033, 0.49716754042710753, -2.681659352562728], [1.737162652465972, -0.863484999796502, -0.047740044545853295, 0.5092632934074081, -2.7469023269492814], [1.7657746655760573, -0.8777070670850592, -0.04852634902832821, 0.5176511366567285, -2.792145301335836], [1.781738521265889, -0.8856421616529269, -0.04896506165012806, 0.5223310701750684, -2.817388275722392], [1.7854119931057328, -0.8874681206823691, -0.049066014608691345, 0.5234079781806272, -2.823196982426123]]"
6,False,9.686019897460938,9.686019897460938,0.0,0.0,2026-02-19T10:24:45.179986+00:00,45.43224287033081,"[0.0, 0.0, 0.0, 0.0, 0.0]","[-0.102839930855672, -0.0920572811115705, 0.2589990663695501, 0.9159001956794488, 0.292568353078719, 0.2744721774223598, 0.0139862129320882]",[]
7,False,10.402400016784668,10.402400016784668,0.0,0.0,2026-02-19T10:24:55.584173+00:00,55.836458921432495,"[0.0, 0.0, 0.0, 0.0, 0.0]","[0.0338848934101066, -0.0569436279023722, 0.3281232026180301, 0.2921838737161786, -0.4001783983689047, 0.6618235812430358, 0.5625614461814362]",[]
8,False,10.02286171913147,10.02286171913147,0.0,0.0,2026-02-19T10:25:05.607463+00:00,65.85974979400635,"[0.0, 0.0, 0.0, 0.0, 0.0]","[-0.0413569068668526, -0.0514070950210098, 0.302935838667339, -0.1807512324491844, 0.6636559675632597, -0.6409045759439146, 0.3407800951052238]",[]
9,True,4.005517275,4.0514655113220215,2.289810114351204,1.977393347,2026-02-19T10:25:09.659735+00:00,69.91202187538147,"[0.0, 0.0, 0.0, 0.0, 0.0]","[0.0587466627830513, 0.0763076011039424, 0.2542764860804279, -0.6902676886494521, -0.465108408144629, 0.1749857955697384, 0.5259131658634707]","[[0.0, 0.0, 0.0, 0.0, 0.0], [0.005169378729578148, -0.0028591477788067208, 0.00010559978717218813, 0.0015068180281343653, -0.009999999999999992], [0.02067751491831263, -0.011436591115226902, 0.0004223991486887532, 0.006027272112537472, -0.04000000000000003], [0.046524408566203365, -0.0257323300092605, 0.0009503980845496936, 0.013561362253209296, -0.08999999999999997], [0.0827100323889502, -0.04574634937014897, 0.0016895960373928115, 0.024109080497071236, -0.15999994721938227], [0.1292343928944748, -0.071478652797379, 0.002639993140161577, 0.03767042874111212, -0.24999985424751603], [0.18609748755996036, -0.10292923889559796, 0.003801589341320025, 0.05424540624995811, -0.35999971620409177], [0.25329932081138296, -0.14009811011278275, 0.0051743847312817545, 0.07383401431373342, -0.4899995416510205], [0.3308398945516879, -0.18298526750143929, 0.006758379348920026, 0.09643625348712599, -0.6399993342694897], [0.4187192047054806, -0.23159070880749497, 0.008553573110982905, 0.1220521225822024, -0.8099990861757774], [0.5168051792313484, -0.28584138589429714, 0.010557268057000833, 0.15064312402634827, -0.9997433081741377], [0.6126861280729738, -0.3388724784590289, 0.012515918858423031, 0.17859138431583568, -1.185221977579832], [0.6982283194554428, -0.3861852754661471, 0.014263370085500849, 0.20352600854905434, -1.3507006469855263], [0.7734317533787552, -0.42777977691565167, 0.015799621738234286, 0.2254469967260042, -1.4961793163912194], [0.8382964298429108, -0.46365598280754255, 0.017124673816623335, 0.24435434884668517, -1.621657985796912], [0.8928223488479099, -0.49381389314181984, 0.018238526320668004, 0.2602480649110973, -1.727136655202604], [0.9370095103937521, -0.5182535079184836, 0.019141179250368286, 0.27312814491924065, -1.8126153246082954], [0.9708579144804386, -0.536974827137534, 0.0198326326057242, 0.28299458887111534, -1.8780939940139874], [0.9943675611079685, -0.5499778507989708, 0.020312886386735736, 0.2898473967667213, -1.9235726634196793], [1.0075384502763425, -0.5572625789027943, 0.0205819405934029, 0.2936865686060585, -1.9490513328253714], [1.0106347686470503, -0.5589751312722762, 0.02064519201645945, 0.29458911194557635, -1.9550410629896389]]"
10,False,10.040953636169434,10.040953636169434,0.0,0.0,2026-02-19T10:25:19.701203+00:00,79.95348978042603,"[0.0, 0.0, 0.0, 0.0, 0.0]","[-0.011216833929383, 0.0044916769963158, 0.0344820797823826, 0.9271611250247936, -0.0147469446352857, 0.2592221888540005, -0.2701085571995525]",[]
11,True,1.567042569,1.6320219039916992,3.5861519877434693,2.301805046,2026-02-19T10:25:21.333746+00:00,81.58603119850159,"[0.0, 0.0, 0.0, 0.0, 0.0]","[0.1979624813800989, -0.0994001663650703, 0.2093016139654533, 0.8304826385823315, -0.0597857760319778, -0.3499883366972429, 0.4292230331348493]","[[0.0, 0.0, 0.0, 0.0, 0.0], [0.009999999999999993, -0.004405084261419311, -0.004007713315164949, -0.005608492475919068, -0.004040817927092346], [0.03999999999999985, -0.017620337045677188, -0.01603085326065975, -0.022433969903676205, -0.016163271708369335], [0.08999999126498785, -0.03964575450492737, -0.03606941633574212, -0.050476427384246667, -0.036367357814171775], [0.15999994622209357, -0.0704813244930881, -0.06412339148999606, -0.08973584945340679, -0.06465306510280475], [0.2499998377785938, -0.1101270350755865, -0.10019276786543482, -0.14021222091622318, -0.10102038262659209], [0.3599996822410896, -0.15858289343561777, -0.14427755199727665, -0.20190555091824075, -0.1454693169747344], [0.489999492288826, -0.21584890515849614, -0.19637774896699942, -0.2748158465706046, -0.19799987327068375], [0.639999254541181, -0.28192506434994496, -0.25649335341203344, -0.35894310036880284, -0.2586120461075744], [0.8099989956560227, -0.35681138275297963, -0.32462437601608807, -0.4542873272638809, -0.3273058462573655], [0.9999987020851693, -0.4405078543995119, -0.40077081134944026, -0.5608485196573509, -0.40408126824548335], [1.2099983690952891, -0.5330144772044696, -0.4849326575151067, -0.6786266748945278, -0.488938310159275], [1.4351770579073506, -0.6322075870137743, -0.575177820459455, -0.8049179730885045, -0.5799289184143677], [1.645538067272831, -0.7248733841709903, -0.6594844822820125, -0.9228987869138084, -0.6649319721948952], [1.835899076638309, -0.8087290128053665, -0.7357757174742392, -1.0296626157872728, -0.7418533901212371], [2.0062600860037856, -0.8837744729169034, -0.8040515260361353, -1.1252094597088982, -0.8106931721933934], [2.156621095369262, -0.9500097645056016, -0.8643119079677015, -1.2095393186786854, -0.8714513184113652], [2.286982104734738, -1.007434887571461, -0.9165568632689376, -1.2826521926966339, -0.9241278287751522], [2.397343114100213, -1.0560498421144813, -0.9607863919398434, -1.3445480817627442, -0.968722703284754], [2.487704123465689, -1.0958546281346635, -0.9970004939804197, -1.3952269858770168, -1.0052359419401713], [2.5580651328311648, -1.126849245632007, -1.0251991693906661, -1.434688905039451, -1.0336675447414043], [2.60842614219664, -1.1490336946065112, -1.0453824181705822, -1.4629338392500464, -1.054017511688452], [2.6387871515621164, -1.162407975058178, -1.057550240320169, -1.479961788508805, -1.0662858427813156], [2.6491481609275938, -1.166972086987006, -1.0617026358394261, -1.4857727528157256, -1.0704725380199946], [2.649151419121643, -1.1669735222489386, -1.0617039416301937, -1.4857745801714066, -1.0704738545968873]]"
12,False,10.10266637802124,10.10266637802124,0.0,0.0,2026-02-19T10:25:31.437023+00:00,91.6892900466919,"[0.0, 0.0, 0.0, 0.0, 0.0]","[0.0820719382102554, -0.0589562708846727, 0.1527837435402556, -0.6173776589949729, 0.1540097369775097, -0.3153081087341051, 0.7040643604504684]",[]
13,False,10.009270429611206,10.009270429611206,0.0,0.0,2026-02-19T10:25:41.449258+00:00,101.70154237747192,"[0.0, 0.0, 0.0, 0.0, 0.0]","[0.0266629054426981, 0.0040307406518962, 0.2053696259455475, 0.6660136295260093, 0.058967083673247, 0.7401023588133052, -0.0720917943156195]",[]
14,False,10.106417179107666,10.106417179107666,0.0,0.0,2026-02-19T10:25:51.556127+00:00,111.8084135055542,"[0.0, 0.0, 0.0, 0.0, 0.0]","[0.034400944832425, -0.1592273273923645, 0.2721801065897668, 0.6517351087152274, 0.1180175065185329, 0.7197026923417414, 0.2081856163598901]",[]
15,False,10.065490484237671,10.065490484237671,0.0,0.0,2026-02-19T10:26:01.621916+00:00,121.87418389320374,"[0.0, 0.0, 0.0, 0.0, 0.0]","[0.0438224074005282, 0.2398574576257582, 0.2115728884990009, 0.5421346049477128, 0.6713934320386766, 0.0782445917470537, -0.4991980703046149]",[]
16,False,10.06489109992981,10.06489109992981,0.0,0.0,2026-02-19T10:26:11.687743+00:00,131.94001483917236,"[0.0, 0.0, 0.0, 0.0, 0.0]","[-0.111047431018942, 0.1429688319010766, 0.2246323359873213, 0.390699825388927, -0.599804226055299, 0.344352486282864, 0.607461852331548]",[]
17,False,10.042929887771606,10.042929887771606,0.0,0.0,2026-02-19T10:26:21.731943+00:00,141.984228849411,"[0.0, 0.0, 0.0, 0.0, 0.0]","[0.073110125118537, -0.1195946252611798, 0.0188182162847958, 0.4805237734624512, 0.8303303576474363, -0.0690693998550611, 0.273638115601882]",[]
18,False,10.066705703735352,10.066705703735352,0.0,0.0,2026-02-19T10:26:31.799100+00:00,152.05138659477234,"[0.0, 0.0, 0.0, 0.0, 0.0]","[-0.0748048126764882, -0.0810996828956475, -0.006214157527285, 0.6433010646642657, -0.2780597331978375, -0.6111239806816743, -0.3679320660278934]",[]
19,False,10.030611276626587,10.030611276626587,0.0,0.0,2026-02-19T10:26:41.830747+00:00,162.08301830291748,"[0.0, 0.0, 0.0, 0.0, 0.0]","[0.1587113038809871, -0.0057222070359073, 0.241854921635741, 0.5917056535831704, 0.2488290244545153, 0.7422527604610999, -0.1924301839488924]",[]
20,False,10.054656267166138,10.054656267166138,0.0,0.0,2026-02-19T10:26:51.892218+00:00,172.14450407028198,"[0.0, 0.0, 0.0, 0.0, 0.0]","[-0.2120228541872287, -0.0448231720631568, 0.1899000950282869, -0.0926415518482186, 0.953625831586594, 0.2843252620804488, -0.0342704179258864]",[]
21,False,10.02277398109436,10.02277398109436,0.0,0.0,2026-02-19T10:27:01.915459+00:00,182.16774582862854,"[0.0, 0.0, 0.0, 0.0, 0.0]","[0.0114103942902957, -0.1325825221973228, 0.1526704608843549, 0.7055128985349448, -0.6349013193880505, 0.3145057686331612, -0.0154267992985551]",[]
22,False,10.073205471038818,10.073205471038818,0.0,0.0,2026-02-19T10:27:11.989529+00:00,192.2418076992035,"[0.0, 0.0, 0.0, 0.0, 0.0]","[0.0194145230514906, -0.029066027946418, 0.0918829999609872, -0.6117123008984514, -0.2899101308746339, 0.6328651611686681, -0.3758215862942561]",[]
23,False,10.037250995635986,10.037250995635986,0.0,0.0,2026-02-19T10:27:22.029762+00:00,202.28204822540283,"[0.0, 0.0, 0.0, 0.0, 0.0]","[-0.154681868162275, 0.1742653646944467, 0.09146580554035, -0.5962563205286435, 0.3515980940990878, 0.6254977197095487, 0.3600135873737093]",[]
24,True,3.849348295,3.916315793991089,3.2141076582183334,1.9627457640000001,2026-02-19T10:27:25.946998+00:00,206.19928407669067,"[0.0, 0.0, 0.0, 0.0, 0.0]","[-0.078130766136422, 0.2387956671915228, 0.0351381034491475, -0.2225739653753282, -0.7098897269350364, 0.3643066012235935, 0.5601768522833797]","[[0.0, 0.0, 0.0, 0.0, 0.0], [0.00999999999999999, 0.0062913184180598165, -0.003273747622359377, -0.006757042780389214, -0.009081867222385144], [0.040000000000000056, 0.025165273672239325, -0.01309499048943754, -0.02702817112155692, -0.03632746888954066], [0.0899999599044288, 0.056621840537137855, -0.02946371547495634, -0.060813357930754, -0.081736768587201], [0.15999985572206268, 0.10066100391911273, -0.05237991472479466, -0.10811258699700807, -0.14530974452685547], [0.24999969524012025, 0.1572827687173511, -0.08184359078829134, -0.168925863582176, -0.22704640378075255], [0.35999947921429765, 0.22648713540728552, -0.11785474391284222, -0.24325318819688493, -0.32694674703520554], [0.489999221870542, 0.30827411293891227, -0.16041337875566333, -0.3310945704536682, -0.44501078721003057], [0.639998905419786, 0.40264369012056256, -0.20951948949306304, -0.43244999833237685, -0.5812385081494329], [0.809998518080689, 0.5095958595402201, -0.26517307226812764, -0.5473194638723087, -0.7356298991537555], [0.9993042224663116, 0.6286941060047255, -0.3271469822312777, -0.6752341381828454, -0.9075548263207875], [1.181853375277376, 0.7435415907328723, -0.3869089677291718, -0.7985833816896625, -1.073343543059686], [1.3444025280884404, 0.8458064386248993, -0.44012345798234714, -0.9084185396357011, -1.220968525353814], [1.486951680899504, 0.9354886496808061, -0.48679045299080353, -1.0047396120209608, -1.3504297732031714], [1.6095008337105692, 1.0125882239005943, -0.5269099527545416, -1.0875465988454431, -1.4617272866077593], [1.712049986521634, 1.0771051612842628, -0.5604819572735609, -1.1568395001091472, -1.554861065567577], [1.7945991393327, 1.1290394618318123, -0.5875064665478616, -1.212618315812073, -1.6298311100826253], [1.8571482921437668, 1.1683911255432424, -0.6079834805774439, -1.2548830459542208, -1.6866374201529037], [1.8996974449548327, 1.1951601524185524, -0.6219129993623074, -1.28363369053559, -1.7252799957784117], [1.922246597765899, 1.209346542457743, -0.629295022902452, -1.2988702495561806, -1.7457588369591492], [1.926183628672786, 1.21182345396344, -0.6305839074595097, -1.301530518182736, -1.7493343961538268]]"
25,False,10.151720523834229,10.151720523834229,0.0,0.0,2026-02-19T10:27:36.099794+00:00,216.35207200050354,"[0.0, 0.0, 0.0, 0.0, 0.0]","[0.1058313496397353, -0.04625457808128, -0.0103467045961489, 0.0637369702683915, 0.1261490910062602, -0.2292374918674414, 0.9630546078917984]",[]
26,True,0.7004855449999999,0.7620282173156738,2.948576262085561,2.287433434,2026-02-19T10:27:36.863071+00:00,217.11535596847534,"[0.0, 0.0, 0.0, 0.0, 0.0]","[-0.1220787640381781, 0.0765765757710918, 0.2982088447680379, 0.2806425853085063, -0.2480483382360582, 0.8786705871567855, 0.2960570223373153]","[[0.0, 0.0, 0.0, 0.0, 0.0], [0.00999999999999999, 0.0010632478977785523, -0.004813711178984347, 0.0011036711028340354, -0.0012268636775490292], [0.03999999999999986, 0.004252991591114198, -0.019254844715937344, 0.004414684411336131, -0.0049074547101961045], [0.08999999999999948, 0.009569231080006924, -0.043323400610858924, 0.009933039925506272, -0.01104177309794121], [0.1599999786759867, 0.01701196409718562, -0.07701936859898552, 0.01765873529187486, -0.01962981622461875], [0.24999993677336194, 0.026581190721904832, -0.12034274903913136, 0.027591770592709577, -0.03067158418167919], [0.3599998694433043, 0.03827691043861469, -0.17329353959721414, 0.03973214529286008, -0.044167076374238314], [0.48999975959377295, 0.05209912143000755, -0.23587173204561898, 0.05407985750592721, -0.0601162907053357], [0.6399996094749016, 0.06804782393532843, -0.30807732746749544, 0.07063490748025175, -0.07851922745103213], [0.8099994213278113, 0.086123018192864, -0.3899103269416542, 0.08939729546317968, -0.09937588688628252], [0.999999199386929, 0.10632470465283886, -0.48137073250642626, 0.11036702192205256, -0.12268626953059338], [1.2099989650501606, 0.12865288559038082, -0.5824585544621455, 0.13354408921849537, -0.14845037800919605], [1.4336632433563068, 0.15243394296209758, -0.690124078144322, 0.15822926928876768, -0.17589093591109892], [1.6411499303487265, 0.17449492133827024, -0.7900021766109055, 0.18112897535439812, -0.20134672389569735], [1.8286366173411461, 0.1944294039188858, -0.8802528527195206, 0.20182133921436046, -0.22434878452519774], [1.9961233043335642, 0.2122373907039441, -0.9608761064701663, 0.22030636086865457, -0.24489711779959988], [2.1436099913259814, 0.2279188816934452, -1.0318719378628427, 0.2365840403172805, -0.26299172371890384], [2.271096678318398, 0.24147387688738914, -1.09324034689755, 0.2506543775602383, -0.27863260228310965], [2.3785833653108135, 0.2529023762857759, -1.1449813335742887, 0.262517372597528, -0.29181975349221734], [2.4660700523032286, 0.26220437988860545, -1.1870948978930578, 0.27217302542914945, -0.3025531773462269], [2.533556739295644, 0.26937988769587795, -1.219581039853859, 0.279621336055103, -0.31083287384513847], [2.58104342628806, 0.27442889970759343, -1.2424397594566912, 0.2848623044753884, -0.3166588429889519], [2.608530113280476, 0.27735141592375173, -1.2556710567015548, 0.2878959306900057, -0.32003108477766734], [2.6161747188297446, 0.27816422700171234, -1.2593509490206987, 0.28873964371373495, -0.3209689736654261]]"
27,True,9.140151976999999,9.194374799728394,3.217293137021815,2.426615512,2026-02-19T10:27:46.058122+00:00,226.31040835380554,"[0.0, 0.0, 0.0, 0.0, 0.0]","[0.0858987824132154, -0.1491748990811841, 0.1088026079249743, 0.8461157510392024, -0.5131560638305511, -0.1433430096681506, 0.0145523735719691]","[[0.0, 0.0, 0.0, 0.0, 0.0], [-0.00381834992406907, 0.0001985377383764726, 0.0018318794262365918, -0.0011975779827137275, 0.009999999999999986], [-0.015273399696276255, 0.0007941509535058891, 0.007327517704946355, -0.004790311930854902, 0.03999999999999988], [-0.0343651493166216, 0.0017868396453882519, 0.01648691483612931, -0.010778201844423537, 0.08999999999999979], [-0.061093591092498345, 0.0031766034140411656, 0.02931006712920489, -0.019161245310729165, 0.15999997985358333], [-0.09545872235456543, 0.004963442120670399, 0.045796973303538484, -0.029939441492566134, 0.24999993256992684], [-0.13746054213067663, 0.007147355714728544, 0.06594763289273636, -0.043112790085032895, 0.35999985560304537], [-0.1870990509616449, 0.009728344224335536, 0.08976204615625717, -0.058681291257748666, 0.4899997503692912], [-0.24437425201160082, 0.012706407814012532, 0.11724021461211419, -0.07664494600310372, 0.6399996251553084], [-0.3092861377585791, 0.016081546092649755, 0.14838213465159322, -0.09700375196192709, 0.8099994602615788], [-0.3818347120150423, 0.019853759258478827, 0.18318780810374916, -0.11975771032995032, 0.9999992656726838], [-0.4620199729872336, 0.024023047218232126, 0.221657234108015, -0.14490682054458384, 1.209999036690896], [-0.5498419245463722, 0.02858941017319636, 0.2637904145216345, -0.17245108381998747, 1.439998783454676], [-0.6395612628108631, 0.033254429058810556, 0.3068338791518053, -0.20059043884659505, 1.6749676575721122], [-0.7217791580413414, 0.03752940523902868, 0.3462784753088506, -0.22637705952596882, 1.890290760130669], [-0.7963603534236812, 0.041407305942493824, 0.3820593126134224, -0.24976852423991502, 2.0856138626892244], [-0.8633048489578825, 0.04488813116920602, 0.41417639106552095, -0.2707648329884337, 2.26093696524778], [-0.9226126446439462, 0.047971880919165294, 0.44262971066514656, -0.28936598577152506, 2.4162600678063364], [-0.9742837404818715, 0.05065855519237161, 0.46741927141229883, -0.30557198258918894, 2.551583170364892], [-1.0183181364716591, 0.052948153988825, 0.48854507330697816, -0.3193828234414254, 2.666906272923449], [-1.0547158326133088, 0.05484067730852546, 0.5060071163491844, -0.3307985083282345, 2.7622293754820064], [-1.0834768289068195, 0.05633612515147293, 0.519805400538917, -0.339819037249616, 2.837552478040562], [-1.1046011253521923, 0.05743449751766747, 0.5299399258761767, -0.34644441020557, 2.892875580599118], [-1.1180887219494278, 0.0581357944071091, 0.5364106923609634, -0.35067462719609677, 2.928198683157676], [-1.1239396186985247, 0.058440015819797776, 0.539217699993277, -0.35250968822119605, 2.9435217857162335], [-1.124210105078642, 0.05845407994572599, 0.539347467679494, -0.35259452291154497, 2.944230171237456]]"
28,True,4.2909734770000005,4.459794998168945,2.1158343719674426,1.8632059970000001,2026-02-19T10:27:50.518985+00:00,230.7712676525116,"[0.0, 0.0, 0.0, 0.0, 0.0]","[-0.01017176102614, 0.0053307349896416, 0.2920692850376095, 0.4422409984328753, -0.5346000597845403, 0.5455215366631525, 0.4701403284341094]","[[0.0, 0.0, 0.0, 0.0, 0.0], [-0.000855255123850949, -0.005160333723509783, -0.0004797355869257461, -0.00458216174740377, 0.009999999999999992], [-0.0034210204954038, -0.020641334894039156, -0.0019189423477029865, -0.018328646989615102, 0.040000000000000015], [-0.007697296114658554, -0.04644300351158813, -0.0043176202823317225, -0.041239455726634, 0.09000000000000008], [-0.013684076604162588, -0.08256530713034099, -0.007675766374454239, -0.07331455914792542, 0.15999993712457888], [-0.021381363960786017, -0.12900825779876834, -0.011993381744168655, -0.11455396795203021, 0.24999983472197557], [-0.030789157535700162, -0.18577185160204712, -0.017270466027529532, -0.16495767866274824, 0.3599996852058144], [-0.04190745740082513, -0.25285608897412, -0.02350701926487878, -0.22452569166540265, 0.489999489417015], [-0.05473626347193039, -0.3302609694067671, -0.030703041408969234, -0.29325800650871525, 0.6399992463707191], [-0.06927557680913432, -0.41798649929640114, -0.038858533054449806, -0.3711546288724346, 0.8099989684622736], [-0.08472521340785485, -0.5112046263008558, -0.047524649485420595, -0.453928449057444, 0.9906425702118379], [-0.09863518532597088, -0.5951329129376254, -0.05532712661319401, -0.5284532773258332, 1.153283769664508], [-0.11083464699638501, -0.6687405321273754, -0.06217013256711593, -0.5938137820994149, 1.2959249691171781], [-0.12132359841909737, -0.7320274838701064, -0.06805366734718642, -0.6500099633781897, 1.4185661685698496], [-0.13010203959410793, -0.7849937681658185, -0.07297773095340546, -0.6970418211621574, 1.521207368022522], [-0.1371699705214166, -0.8276393850145112, -0.07694232338577305, -0.7349093554513179, 1.603848567475195], [-0.14252739120102342, -0.8599643344161844, -0.07994744464428913, -0.7636125662456708, 1.6664897669278682], [-0.14617430163292833, -0.881968616370838, -0.08199309472895372, -0.7831514535452161, 1.7091309663805414], [-0.14811070181713126, -0.8936522308784718, -0.0830792736397668, -0.7935260173499538, 1.7317721658332141], [-0.14845237607576084, -0.8957137832154193, -0.08327092791511685, -0.7953565900928744, 1.7357671639232706]]"
29,False,10.12311577796936,10.12311577796936,0.0,0.0,2026-02-19T10:28:00.643593+00:00,240.8958761692047,"[0.0, 0.0, 0.0, 0.0, 0.0]","[-0.1771517616907237, -0.0446414354882923, 0.1693752691301436, 0.4989566902988348, -0.4697555388378051, 0.6666704618991665, 0.293125314785994]",[]
30,False,10.054542064666748,10.054542064666748,0.0,0.0,2026-02-19T10:28:10.703855+00:00,250.9561252593994,"[0.0, 0.0, 0.0, 0.0, 0.0]","[0.1084669608617848, -0.0627045148944297, 0.3189618110805071, -0.2137448172135103, -0.5985789121068561, -0.2467204360873525, 0.7315363733350532]",[]
31,True,4.2670427129999995,4.407913684844971,2.4945438111923877,1.8008571180000001,2026-02-19T10:28:15.114139+00:00,255.3664252758026,"[0.0, 0.0, 0.0, 0.0, 0.0]","[0.0041670841309868, -0.1567846695764877, 0.0293341004246432, -0.5517584492489845, 0.3642153677476251, 0.6247825745982666, -0.4153992225043029]","[[0.0, 0.0, 0.0, 0.0, 0.0], [-0.009999999999999983, 0.0031186538559601165, 0.0045419232482420665, -0.005373181362497612, 0.008799682821201006], [-0.03999999999999993, 0.012474615423840466, 0.018167692992968266, -0.02149272544999045, 0.035198731284804025], [-0.08999998997967781, 0.02806788157864945, 0.04087730468302524, -0.048358626878377754, 0.07919713657324348], [-0.1599999454551857, 0.0498984446847224, 0.07267074719803716, -0.08597087249204398, 0.1407948771415098], [-0.2499998338904655, 0.07796629459518901, 0.11354800576037621, -0.13432944480877507, 0.2199919243589038], [-0.35999965323338606, 0.11227143067006062, 0.16350907943798013, -0.1934343427259237, 0.3167882764196152], [-0.4899994066620885, 0.15281385390048943, 0.22255396967433627, -0.2632855679511627, 0.43118393612030737], [-0.6399991155450615, 0.19959357095056737, 0.29068268617484805, -0.3438831319661687, 0.5631789222645726], [-0.8099987692884134, 0.2526105785164263, 0.36789522412785136, -0.4352270290786514, 0.7127732255301221], [-0.9801698239288331, 0.3056810400891409, 0.44518561105277077, -0.5266630230016981, 0.8625183561486183], [-1.1303412475293078, 0.352514309015805, 0.5133923190600311, -0.6073528524486786, 0.9946644457978581], [-1.2605126711297827, 0.39311027023054895, 0.5725151805708076, -0.6772963191706642, 1.109211169804696], [-1.3706840947302572, 0.42746892373337253, 0.6225541955850997, -0.7364934231676542, 1.2061585281691318], [-1.4608555183307326, 0.4555902695242761, 0.663509364102908, -0.7849441644396495, 1.285506520891166], [-1.5310269419312081, 0.4774743076032595, 0.6953806861242322, -0.8226485429866495, 1.3472551479707984], [-1.5811983655316841, 0.4931210379703228, 0.7181681616490725, -0.8496065588086545, 1.3914044094080291], [-1.6113697891321588, 0.5025304606254655, 0.7318717906774281, -0.8658182119056638, 1.417954305202857], [-1.621541212732634, 0.5057025755686881, 0.7364915732092998, -0.871283502277678, 1.426904835355283], [-1.6215419473839041, 0.5057028046809897, 0.7364919068822681, -0.8712838970191292, 1.426905481825099]]"
32,False,10.029572248458862,10.029572248458862,0.0,0.0,2026-02-19T10:28:25.144854+00:00,265.3971209526062,"[0.0, 0.0, 0.0, 0.0, 0.0]","[0.134566360888623, -0.134218223011587, 0.0569987546530084, 0.7166121739120782, -0.4627533750748699, -0.3222045927978407, -0.4105003123479929]",[]
33,True,2.5323150570000004,2.583566904067993,3.1080841861497945,2.253495875,2026-02-19T10:28:27.729583+00:00,267.98185181617737,"[0.0, 0.0, 0.0, 0.0, 0.0]","[0.0472961517058864, -0.0594244693559431, 0.3085521652236745, 0.8395589112688793, -0.4625136660812175, 0.1785544756900243, -0.2221266359718857]","[[0.0, 0.0, 0.0, 0.0, 0.0], [-0.004015622815487239, -0.0009641572809638624, -0.0038116741376030016, 0.00427238621225728, -0.009999999999999983], [-0.01606249126194899, -0.003856629123855457, -0.015246696550412036, 0.017089544849029154, -0.04000000000000001], [-0.03614060533938521, -0.008677415528674773, -0.03430506723842706, 0.03845147591031557, -0.08999999999999997], [-0.06424993755284937, -0.01542650989384241, -0.060986760103137, 0.06835815014311251, -0.1599999315300569], [-0.10039051212492144, -0.024103918035237464, -0.09529179813688593, 0.10680959331881866, -0.24999985491102528], [-0.14456231860006102, -0.03470963744246844, -0.13722017141515788, 0.15380579431335473, -0.35999974410574753], [-0.1967653548530671, -0.04724366760527126, -0.1867718779206882, 0.20934675086563198, -0.48999959382189145], [-0.25699961707751884, -0.06170600760971838, -0.2439469140403797, 0.27343245892584284, -0.6399993945804272], [-0.3252651112556363, -0.07809665889215014, -0.3087452854526226, 0.34606292485871715, -0.8099991612787203], [-0.4015618390261799, -0.09641562184603544, -0.3811669937129466, 0.42723815040779944, -0.9999988979977327], [-0.48588979544105976, -0.1166628952833302, -0.46121203412456935, 0.5169581303086135, -1.209998592415366], [-0.5739396263607994, -0.13780379657552572, -0.5447899194883784, 0.6106379655168005, -1.429266773132324], [-0.6545328450219189, -0.15715435367186065, -0.6212899050079345, 0.6963844043708749, -1.6299659482398359], [-0.7270948180520644, -0.17457659620626798, -0.690166542252285, 0.7735860708004354, -1.8106651233473492], [-0.7916255454512354, -0.1900705241787475, -0.7514198312214295, 0.8422429648054811, -1.971364298454862], [-0.8481250272194318, -0.20363613758929938, -0.805049771915368, 0.9023550863860126, -2.112063473562375], [-0.8965932633566533, -0.21527343643792335, -0.8510563643340999, 0.9539224355420287, -2.232762648669887], [-0.9370302538629001, -0.22498242072461955, -0.8894396084776256, 0.9969450122735299, -2.333461823777398], [-0.9694359987381724, -0.23276309044938803, -0.9201995043459454, 1.0314228165805168, -2.4141609988849098], [-0.9938104979824701, -0.23861544561222875, -0.943336051939059, 1.0573558484629888, -2.4748601739924205], [-1.0101537515957935, -0.24253948621314175, -0.9588492512569666, 1.0747441079209465, -2.5155593490999317], [-1.0184657595781423, -0.24453521225212713, -0.9667391022996684, 1.0835875949543896, -2.536258524207444], [-1.0196149540088812, -0.24481113562156478, -0.9678299305203447, 1.0848102701573883, -2.5391203329069727]]"
34,True,3.285624059,3.394636392593384,2.2177589811991743,1.707501991,2026-02-19T10:28:31.125658+00:00,271.37794256210327,"[0.0, 0.0, 0.0, 0.0, 0.0]","[-0.0470198952992144, -0.1205980138948387, 0.2462385976469719, -0.5838448276870427, 0.6088065705125858, -0.5303482313187299, -0.0849148421707664]","[[0.0, 0.0, 0.0, 0.0, 0.0], [0.007565992135609413, -0.01, -0.0001308605000793584, -0.005564554586912344, 0.006573998335091089], [0.030263968542437635, -0.03999999999999998, -0.0005234420003174333, -0.02225821834764936, 0.026295993340364338], [0.06809392751458397, -0.08999999774530462, -0.001177744471209169, -0.05008099002757353, 0.05916598353358343], [0.12105586164234737, -0.15999998344248448, -0.0020937677845972577, -0.08903286417707758, 0.10518396247654946], [0.1891497489723519, -0.2499999280756807, -0.0032715115607787207, -0.1391138246501285, 0.16434991109424169], [0.27237558483064156, -0.3599998254673083, -0.004710975718913371, -0.20032386800917534, 0.23666382532551675], [0.37073335820939046, -0.48999966106828274, -0.006412160068611159, -0.2726629861583006, 0.32212569560580884], [0.48422308952067245, -0.6399994618573182, -0.00837506496291689, -0.356131194109957, 0.42073553967092014], [0.6096081716694114, -0.8057213921757662, -0.010543710430475762, -0.4483480668605059, 0.5296811090710761], [0.7242332539018418, -0.9572217905081228, -0.01252625221927518, -0.5326512905064421, 0.629277445711331], [0.8237263518630543, -1.0887221888404808, -0.014247073007915898, -0.6058254049785544, 0.7157257856814047], [0.908087465553048, -1.2002225871728385, -0.015706172796397896, -0.6678704102768418, 0.7890261289812959], [0.9773165949718221, -1.2917229855051957, -0.01690355158472117, -0.7187863064013041, 0.8491784756110046], [1.031413740119377, -1.3632233838375523, -0.01783920937288572, -0.7585730933519417, 0.8961828255705309], [1.0703789009957136, -1.4147237821699092, -0.018513146160891558, -0.7872307711287546, 0.9300391788598752], [1.0942120776008313, -1.4462241805022662, -0.01892536194873868, -0.8047593397317431, 0.9507475354790372], [1.1029132699347306, -1.4577245788346236, -0.01907585673642709, -0.8111587991609068, 0.9583078954280173], [1.1029558512468403, -1.4577808587135166, -0.019076593217736727, -0.8111901164067313, 0.9583448938110317]]"
35,False,9.917359113693237,9.917359113693237,0.0,0.0,2026-02-19T10:28:41.044003+00:00,281.29628682136536,"[0.0, 0.0, 0.0, 0.0, 0.0]","[-0.0792171745963496, -0.1772756273618438, 0.098776567477527, 0.025174062274851, 0.6201470377799215, 0.1858502766504469, 0.7617372202999686]",[]
36,False,10.146288394927979,10.146288394927979,0.0,0.0,2026-02-19T10:28:51.190890+00:00,291.4431576728821,"[0.0, 0.0, 0.0, 0.0, 0.0]","[0.0213149382443951, -0.014462886017403, 0.0964463133604356, -0.1922827057246876, 0.6799308825749324, 0.1728091751779198, 0.6861911868964755]",[]
37,False,10.084224700927734,10.084224700927734,0.0,0.0,2026-02-19T10:29:01.280517+00:00,301.5327150821686,"[0.0, 0.0, 0.0, 0.0, 0.0]","[0.1124197334441542, 0.1582011250594402, -0.0263699192998262, 0.7062223909507118, -0.0892004161243046, -0.6494642320363212, -0.2673750766032285]",[]
38,False,9.974596738815308,9.974596738815308,0.0,0.0,2026-02-19T10:29:11.256399+00:00,311.50868487358093,"[0.0, 0.0, 0.0, 0.0, 0.0]","[0.0018424932860966, -0.0067274410805115, -0.0148050195625911, 0.8178281347266497, 0.3006142049878266, 0.0488878444130763, 0.4882604023241172]",[]
39,False,10.090733528137207,10.090733528137207,0.0,0.0,2026-02-19T10:29:21.349642+00:00,321.60192799568176,"[0.0, 0.0, 0.0, 0.0, 0.0]","[0.0355850442776486, -0.0328033963322382, 0.0292818981629858, -0.2233573529208809, -0.5987873637594636, 0.6541302530119733, 0.404572364346183]",[]
40,False,10.05760145187378,10.05760145187378,0.0,0.0,2026-02-19T10:29:31.412199+00:00,331.6644833087921,"[0.0, 0.0, 0.0, 0.0, 0.0]","[-0.0936582411280998, -0.1310905981469698, 0.2382006451868916, 0.4151963715242572, -0.151160647590025, 0.4831173934154132, 0.7558835994204083]",[]
41,True,0.7489310389999999,0.8480167388916016,1.4438904644341686,1.42520511,2026-02-19T10:29:32.261675+00:00,332.51394057273865,"[0.0, 0.0, 0.0, 0.0, 0.0]","[0.0591871852521357, 0.0027298347400365, 0.2364777228293188, 0.4639063728456214, -0.2821457279600879, 0.1871200587225779, 0.8186395721260671]","[[0.0, 0.0, 0.0, 0.0, 0.0], [0.0010724030676089217, -0.008969262223801231, 0.004116903645141597, -0.0018915818736310777, 0.009999999999999983], [0.004289612270435691, -0.03587704889520497, 0.01646761458056641, -0.007566327494524319, 0.03999999999999998], [0.009651627345045983, -0.08072335781092438, 0.037052131794962764, -0.01702423639801526, 0.08999999754351386], [0.017158446057128594, -0.14350817028384108, 0.06587044671091773, -0.03026530464306466, 0.15999997179592007], [0.026810065112432724, -0.2242314587618153, 0.1029225466819614, -0.04728952641903537, 0.2499998920388172], [0.0386064843129212, -0.3228932215885226, 0.14820843094783862, -0.06809690137661514, 0.35999975642553783], [0.05254770696356707, -0.4394934864057806, 0.20172811219618153, -0.09268743534535381, 0.4899995957744669], [0.06699548044000593, -0.5603303925787468, 0.25719241762935297, -0.11817146019367314, 0.6247229466564468], [0.07933251494758127, -0.6635137020122487, 0.3045536979805172, -0.13993241141971052, 0.7397639688262411], [0.08952474331993879, -0.7487584869981481, 0.34368117104139817, -0.15791019889848576, 0.8348049909960354], [0.09757216555707848, -0.8160647475364451, 0.3745748368119961, -0.17210482262999893, 0.90984601316583], [0.10347478165900043, -0.8654324836271402, 0.39723469529231115, -0.18251628261425007, 0.9648870353356251], [0.10723259162570446, -0.8968616952702326, 0.41166074648234274, -0.18914457885123898, 0.9999280575054202], [0.1088455954571907, -0.9103523824657229, 0.41785299038209145, -0.1919897113409658, 1.0149690796752158], [0.10891372496808356, -0.9109221975537569, 0.41811453628792505, -0.19210988308585986, 1.0156043772881251]]"
42,False,9.856795310974121,9.856795310974121,0.0,0.0,2026-02-19T10:29:42.119751+00:00,342.3720374107361,"[0.0, 0.0, 0.0, 0.0, 0.0]","[0.1966422339136129, 0.0583739838312819, 0.0487797927605598, 0.6051004570512348, 0.1289246492957348, 0.0924210270747982, 0.780186019763747]",[]
43,True,8.821488573,9.058836221694946,2.9470874950218056,2.080653959,2026-02-19T10:29:51.180731+00:00,351.4329960346222,"[0.0, 0.0, 0.0, 0.0, 0.0]","[0.0038163775925956, -0.1019280845531947, 0.1403020507246041, 0.6873159272047322, -0.4750158693484437, -0.549096901237299, 0.0211974793180033]","[[0.0, 0.0, 0.0, 0.0, 0.0], [-0.007680437288693394, -0.002460275055330317, 0.003143482735643084, 0.003232618871963287, 0.009999999999999993], [-0.030721749154773607, -0.009841100221321277, 0.012573930942572347, 0.012930475487853161, 0.040000000000000015], [-0.06912392781990358, -0.02214247300633759, 0.028291341437236217, 0.029093566573845726, 0.08999998987253367], [-0.12288692254434609, -0.0393643771569154, 0.05029569345265463, 0.05172187077409547, 0.15999990355399632], [-0.19201074827753922, -0.06150681746180936, 0.07858699310739857, 0.08081539438067067, 0.249999760508694], [-0.27649540664837724, -0.08856979444280322, 0.11316524106814888, 0.1163741380791565, 0.3599995628574617], [-0.3763409110078011, -0.120553312376605, 0.15403044279923678, 0.15839810748882996, 0.48999932798334783], [-0.49154725106903896, -0.15745736796805224, 0.20118259409044753, 0.20688729828009203, 0.6399990424928804], [-0.6221144250847032, -0.19928196065740414, 0.25462169422660275, 0.2618417097174849, 0.8099987041109449], [-0.7680424365122346, -0.246027091552183, 0.3143477446227788, 0.3232613432562106, 0.9999983173391609], [-0.9238616802305823, -0.2959406816318832, 0.3781221215362731, 0.38884409706640005, 1.2028764059966046], [-1.0668182677550024, -0.34173397608391176, 0.4366320146501733, 0.44901308814497043, 1.389007197969701], [-1.1944139807020349, -0.3826067204252793, 0.488854942292787, 0.5027168414796138, 1.5551379899427957], [-1.3066488190716798, -0.41855891465598605, 0.5347909044641141, 0.5499553570703304, 1.7012687819158898], [-1.4035227828639385, -0.44959055877603227, 0.5744399011641556, 0.5907286349171206, 1.8273995738889846], [-1.48503587207881, -0.47570165278541776, 0.6078019323929105, 0.6250366750199838, 1.9335303658620786], [-1.5511880867162957, -0.49689219668414286, 0.6348769981503796, 0.6528794773789213, 2.0196611578351744], [-1.6019794267763945, -0.5131621904722075, 0.6556650984365626, 0.6742570419939319, 2.0857919498082693], [-1.6374098922591065, -0.5245116341496113, 0.6701662332514594, 0.689169368865016, 2.131922741781365], [-1.657479483164432, -0.5309405277163547, 0.6783804025950702, 0.6976164579921735, 2.158053533754461], [-1.6624756546572474, -0.5325409517070592, 0.6804252573659174, 0.6997192963655845, 2.164558594996443]]"
44,False,10.083931922912598,10.083931922912598,0.0,0.0,2026-02-19T10:30:01.265888+00:00,361.5181727409363,"[0.0, 0.0, 0.0, 0.0, 0.0]","[0.0781595680631535, 0.1008741732728197, 0.3186731563434667, -0.2345323437159009, -0.6600498026614444, -0.1033955185920587, 0.7061431897942471]",[]
45,False,9.969291925430298,9.969291925430298,0.0,0.0,2026-02-19T10:30:11.235964+00:00,371.48820638656616,"[0.0, 0.0, 0.0, 0.0, 0.0]","[0.0058977503340299, -0.1615114588256097, -0.0693029372396668, 0.7087136355082811, 0.5425525092598474, -0.4349138952430927, -0.1192126724176523]",[]
46,True,4.216199951,4.419116258621216,2.661436134657298,1.9525071920000001,2026-02-19T10:30:15.659584+00:00,375.9118642807007,"[0.0, 0.0, 0.0, 0.0, 0.0]","[-0.0377643350232669, 0.1720510918830026, 0.1554623476664429, 0.5523909383012507, 0.5971147801284489, -0.5259654298589587, -0.2483516805421271]","[[0.0, 0.0, 0.0, 0.0, 0.0], [0.009686855376920652, 9.078690010409508e-05, 0.0007999614289040551, 0.0006827031572030731, -0.010000000000000002], [0.038747421507682615, 0.00036314760041638043, 0.0031998457156162214, 0.0027308126288122935, -0.040000000000000015], [0.08718169839228591, 0.0008170821009368562, 0.0071996528601365, 0.006144328414827662, -0.09000000000000007], [0.15498963653113926, 0.0014525899377467095, 0.012799378774681784, 0.010923247026652939, -0.1599999489002476], [0.24217125786890842, 0.0022696713165151795, 0.019999025271489945, 0.017067570010888336, -0.24999986935480822], [0.34872655340401004, 0.0032683261528778556, 0.028798591607190806, 0.024577296733126808, -0.3599997520711067], [0.4746555292644402, 0.004448554504267386, 0.0391980782878475, 0.0334524276252528, -0.4899996033752372], [0.6199581806028984, 0.005810356325254026, 0.05119748491315949, 0.043692962345641795, -0.6399994182632017], [0.7846345077210789, 0.007353731618665304, 0.06479681150804134, 0.05529890091555638, -0.8099991970464475], [0.9675921089274752, 0.009068442205094038, 0.07990584518254354, 0.068193253842049, -0.9988712242290774], [1.1424412418600576, 0.010707158810965798, 0.09434526404252118, 0.08051614403112914, -1.179372662651672], [1.2979166640387976, 0.012164301616629354, 0.10718476004469059, 0.09147362790580307, -1.3398741010742659], [1.4340183754636946, 0.01343987062208471, 0.11842433318905178, 0.10106570546607076, -1.4803755394968579], [1.5507463761347515, 0.014533865827331882, 0.12806398347560496, 0.10929237671193237, -1.6008769779194512], [1.648100666051968, 0.01544628723237087, 0.13610371090435003, 0.11615364164338786, -1.7013784163420447], [1.7260812452153433, 0.016177134837201675, 0.1425435154752871, 0.12164950026043728, -1.7818798547646393], [1.7846881136248787, 0.016726408641824297, 0.14738339718841612, 0.12577995256308058, -1.842381293187235], [1.8239212712805721, 0.017094108646238726, 0.15062335604373697, 0.12854499855131774, -1.88288273160983], [1.8437807181824242, 0.017280234850444963, 0.15226339204124972, 0.12994463822514873, -1.9033841700324245], [1.8464513892698562, 0.017305264846227006, 0.15248394182506556, 0.13013285984220568, -1.9061411752560138]]"
47,False,10.08351993560791,10.08351993560791,0.0,0.0,2026-02-19T10:30:25.745992+00:00,385.99827694892883,"[0.0, 0.0, 0.0, 0.0, 0.0]","[-0.0078719484026048, -0.1136592144097252, 0.3164150630072193, -0.2721174710473849, -0.6778917122428791, -0.1654701338721525, 0.6625968179968306]",[]
48,True,3.716428497,3.7808678150177,4.512730546926125,2.475420415,2026-02-19T10:30:29.528333+00:00,389.7806165218353,"[0.0, 0.0, 0.0, 0.0, 0.0]","[0.0019735996515783, 0.0039363522083975, -0.037741491284753, 0.1286624670082385, 0.4487726880521435, -0.1865996823240314, 0.8644244342904577]","[[0.0, 0.0, 0.0, 0.0, 0.0], [0.00906670794529645, 0.004394656280405292, 0.0037847497838092957, -0.0010485437898047408, -0.009999999999999976], [0.03626683178118575, 0.01757862512162114, 0.01513899913523716, -0.004194175159218957, -0.03999999999999985], [0.08160035737357753, 0.03955189967281819, 0.03406274215423743, -0.00943689247366781, -0.08999998441100032], [0.14506724837236395, 0.0703144623150072, 0.060555963667048726, -0.01677669152934546, -0.15999991314115325], [0.226667505116861, 0.1098663132126555, 0.094618663815313, -0.02621357236549301, -0.2499997865647025], [0.32640116255097534, 0.158207469303163, 0.1362508571857958, -0.03774753902329239, -0.3599996432225461], [0.44426819589752076, 0.21533791857696494, 0.18545253343566367, -0.05137858863731936, -0.48999945578702947], [0.5802686093385651, 0.2812576630611201, 0.24222369431065283, -0.0671067216912204, -0.6399992288707066], [0.7344023852871169, 0.3559666942311694, 0.30656433246935977, -0.08493193615110065, -0.8099989430762489], [0.9066695400072108, 0.4394650199703313, 0.37847445470094115, -0.10485423389785804, -0.9999986163418476], [1.0970700696372944, 0.5317526384069018, 0.45795405939345474, -0.12687361448491302, -1.2099982444084576], [1.3056039801291077, 0.6328295524257044, 0.5450031490313578, -0.15099007860057054, -1.4399978338404678], [1.5252357337816813, 0.7392856191027424, 0.6366848528172907, -0.17638998259282387, -1.6822376357373754], [1.7293128982840438, 0.8382023370646208, 0.7218735463200322, -0.19999103434953355, -1.907321718883818], [1.9152566468958139, 0.9283297424656888, 0.7994927402551553, -0.22149499852663387, -2.1124058020302616], [2.083066979616991, 1.0096678353059465, 0.86954243462266, -0.2409018751241247, -2.2974898851767054], [2.2327438964475763, 1.0822166155853936, 0.9320226294225461, -0.25821166414200614, -2.4625739683231496], [2.3642873973875687, 1.1459760833040304, 0.9869333246548139, -0.2734243655802781, -2.6076580514695937], [2.4776974824369686, 1.200946238461857, 1.0342745203194632, -0.28653997943894055, -2.732742134616039], [2.5729741515957754, 1.2471270810588726, 1.074046216416494, -0.29755850571799364, -2.8378262177624842], [2.650117404863988, 1.2845186110950773, 1.1062484129459056, -0.30647994441743703, -2.9229103009089283], [2.709127242241611, 1.3131208285704725, 1.1308811099076996, -0.31330429553727124, -2.9879943840553747], [2.7500036637286405, 1.3329337334850573, 1.1479443073018754, -0.31803155907749603, -3.033078467201822], [2.772746669325077, 1.3439573258388315, 1.157438005128432, -0.32066173503811124, -3.0581625503482686], [2.777904029597711, 1.346457111411411, 1.159590861302321, -0.3212581718174013, -3.0638507894574913]]"
49,False,10.03141736984253,10.03141736984253,0.0,0.0,2026-02-19T10:30:39.561124+00:00,399.81340980529785,"[0.0, 0.0, 0.0, 0.0, 0.0]","[-0.0068630576736483, 0.0091209182044243, 0.0726323552419187, -0.4100639934936635, 0.1935103561821942, -0.1516448154352932, 0.8782967113919218]",[]
