planner_name,planning_time,attempts,states_explored,node_count,tree_depth,success
RRTConnect,0.21036028861999512,1,95,38,19,1
RRTConnect,0.13537192344665527,1,125,50,25,1
RRTConnect,0.09436655044555664,1,70,28,14,1
RRTConnect,0.14896583557128906,1,125,50,25,1
RRTConnect,0.08541059494018555,1,70,28,14,1
RRTConnect,0.042908668518066406,1,85,34,17,1
RRTConnect,0.07307147979736328,1,95,38,19,1
RRTConnect,0.14831829071044922,1,80,32,16,1
RRTConnect,0.23044323921203613,1,125,50,25,1
RRTConnect,0.23583197593688965,1,90,36,18,1
RRTConnect,0.1644432544708252,1,130,52,26,1
RRTConnect,0.0922849178314209,1,110,44,22,1
RRTConnect,0.15755176544189453,1,95,38,19,1
RRTConnect,0.07285714149475098,1,95,38,19,1
RRTConnect,0.05401349067687988,1,85,34,17,1
RRTConnect,0.07685256004333496,1,120,48,24,1
RRTConnect,0.0552058219909668,1,85,34,17,1
RRTConnect,0.06602692604064941,1,125,50,25,1
RRTConnect,0.06475639343261719,1,125,50,25,1
RRTConnect,0.09096169471740723,1,80,32,16,1
RRTConnect,0.09523415565490723,1,120,48,24,1
RRTConnect,0.06613588333129883,1,100,40,20,1
RRTConnect,0.07234954833984375,1,80,32,16,1
RRTConnect,0.0656130313873291,1,80,32,16,1
RRTConnect,0.08453726768493652,1,115,46,23,1
RRTConnect,0.08639836311340332,1,65,26,13,1
RRTConnect,0.07803726196289062,1,120,48,24,1
RRTConnect,0.05850958824157715,1,95,38,19,1
RRTConnect,0.04265546798706055,1,95,38,19,1
RRTConnect,0.04409956932067871,1,100,40,20,1
RRTConnect,0.05051922798156738,1,110,44,22,1
RRTConnect,0.02210402488708496,1,110,44,22,1
RRTConnect,0.03143501281738281,1,80,32,16,1
RRTConnect,0.03589296340942383,1,105,42,21,1
RRTConnect,0.050562381744384766,1,120,48,24,1
RRTConnect,0.03161787986755371,1,115,46,23,1
RRTConnect,0.04586911201477051,1,130,52,26,1
RRTConnect,0.03841733932495117,1,115,46,23,1
RRTConnect,0.04502534866333008,1,105,42,21,1
RRTConnect,0.024344921112060547,1,100,40,20,1
RRTConnect,0.03854990005493164,1,85,34,17,1
RRTConnect,0.015796661376953125,1,85,34,17,1
RRTConnect,0.031108856201171875,1,110,44,22,1
RRTConnect,0.04137611389160156,1,125,50,25,1
RRTConnect,0.037163734436035156,1,125,50,25,1
RRTConnect,0.05715608596801758,1,130,52,26,1
RRTConnect,0.03394269943237305,1,90,36,18,1
RRTConnect,0.04939699172973633,1,85,34,17,1
RRTConnect,0.03969311714172363,1,95,38,19,1
RRTConnect,0.05159473419189453,1,115,46,23,1
RRTConnect,0.04088330268859863,1,125,50,25,1
RRTConnect,0.04146695137023926,1,115,46,23,1
RRTConnect,0.05757451057434082,1,100,40,20,1
RRTConnect,0.040659427642822266,1,70,28,14,1
RRTConnect,0.04897594451904297,1,120,48,24,1
RRTConnect,0.027999162673950195,1,95,38,19,1
RRTConnect,0.05103182792663574,1,115,46,23,1
RRTConnect,0.041245222091674805,1,115,46,23,1
RRTConnect,0.04602670669555664,1,85,34,17,1
RRTConnect,0.02819514274597168,1,130,52,26,1
RRTConnect,0.04831218719482422,1,50,20,10,1
RRTConnect,0.034128665924072266,1,120,48,24,1
RRTConnect,0.028647661209106445,1,60,24,12,1
RRTConnect,0.024365663528442383,1,90,36,18,1
RRTConnect,0.05975699424743652,1,115,46,23,1
RRTConnect,0.03924822807312012,1,125,50,25,1
RRTConnect,0.016378164291381836,1,65,26,13,1
RRTConnect,0.02381277084350586,1,95,38,19,1
RRTConnect,0.05303478240966797,1,100,40,20,1
RRTConnect,0.04132986068725586,1,130,52,26,1
RRTConnect,0.04041290283203125,1,125,50,25,1
RRTConnect,0.023614883422851562,1,85,34,17,1
RRTConnect,0.035657405853271484,1,105,42,21,1
RRTConnect,0.05482602119445801,1,125,50,25,1
RRTConnect,0.04957008361816406,1,85,34,17,1
RRTConnect,0.03934645652770996,1,90,36,18,1
RRTConnect,0.022251367568969727,1,95,38,19,1
RRTConnect,0.028557777404785156,1,90,36,18,1
RRTConnect,0.035028696060180664,1,95,38,19,1
RRTConnect,0.05177783966064453,1,80,32,16,1
RRTConnect,0.04174947738647461,1,125,50,25,1
RRTConnect,0.021941184997558594,1,75,30,15,1
RRTConnect,0.06704878807067871,1,130,52,26,1
RRTConnect,0.03752470016479492,1,85,34,17,1
RRTConnect,0.0508882999420166,1,115,46,23,1
RRTConnect,0.03221893310546875,1,90,36,18,1
RRTConnect,0.0519869327545166,1,130,52,26,1
RRTConnect,0.017731666564941406,1,110,44,22,1
RRTConnect,0.019889116287231445,1,100,40,20,1
RRTConnect,0.0200808048248291,1,115,46,23,1
RRTConnect,0.021127700805664062,1,70,28,14,1
RRTConnect,0.019625425338745117,1,125,50,25,1
RRTConnect,0.033109188079833984,1,100,40,20,1
RRTConnect,0.03447556495666504,1,85,34,17,1
RRTConnect,0.03336048126220703,1,130,52,26,1
RRTConnect,0.03264760971069336,1,70,28,14,1
RRTConnect,0.034197330474853516,1,125,50,25,1
RRTConnect,0.0333399772644043,1,90,36,18,1
RRTConnect,0.030458927154541016,1,110,44,22,1
RRTConnect,0.03813052177429199,1,105,42,21,1
RRTConnect,0.03169107437133789,1,115,46,23,1
RRTConnect,0.023999929428100586,1,100,40,20,1
RRTConnect,0.042082786560058594,1,100,40,20,1
RRTConnect,0.04054093360900879,1,85,34,17,1
RRTConnect,0.035659074783325195,1,95,38,19,1
RRTConnect,0.04012465476989746,1,130,52,26,1
RRTConnect,0.03635430335998535,1,135,54,27,1
RRTConnect,0.017701387405395508,1,90,36,18,1
RRTConnect,0.03124380111694336,1,115,46,23,1
RRTConnect,0.03708028793334961,1,130,52,26,1
RRTConnect,0.03911137580871582,1,65,26,13,1
RRTConnect,0.03859138488769531,1,95,38,19,1
RRTConnect,0.04682660102844238,1,120,48,24,1
RRTConnect,0.038764238357543945,1,125,50,25,1
RRTConnect,0.022091388702392578,1,85,34,17,1
RRTConnect,0.02418684959411621,1,85,34,17,1
RRTConnect,0.022540569305419922,1,100,40,20,1
RRTConnect,0.021620512008666992,1,110,44,22,1
RRTConnect,0.027657270431518555,1,125,50,25,1
RRTConnect,0.03106236457824707,1,95,38,19,1
RRTConnect,0.020195484161376953,1,125,50,25,1
RRTConnect,0.0280306339263916,1,80,32,16,1
RRTConnect,0.03807806968688965,1,95,38,19,1
RRTConnect,0.041467905044555664,1,90,36,18,1
RRTConnect,0.02824091911315918,1,80,32,16,1
RRTConnect,0.030760526657104492,1,85,34,17,1
RRTConnect,0.9760522842407227,1,80,32,16,1
RRTConnect,0.044615983963012695,1,105,42,21,1
RRTConnect,0.02478623390197754,1,115,46,23,1
RRTConnect,0.030810832977294922,1,125,50,25,1
RRTConnect,0.037834882736206055,1,100,40,20,1
RRTConnect,0.7611861228942871,1,105,42,21,1
RRTConnect,0.02893829345703125,1,100,40,20,1
RRTConnect,0.029497146606445312,1,95,38,19,1
RRTConnect,0.020997047424316406,1,90,36,18,1
RRTConnect,0.029377222061157227,1,105,42,21,1
RRTConnect,0.024984121322631836,1,115,46,23,1
RRTConnect,0.020862340927124023,1,95,38,19,1
RRTConnect,0.031382083892822266,1,85,34,17,1
RRTConnect,0.015733003616333008,1,110,44,22,1
RRTConnect,0.01773858070373535,1,125,50,25,1
RRTConnect,0.0284121036529541,1,60,24,12,1
RRTConnect,0.044714927673339844,1,75,30,15,1
RRTConnect,0.021800994873046875,1,90,36,18,1
RRTConnect,0.024144649505615234,1,85,34,17,1
RRTConnect,0.01646137237548828,1,95,38,19,1
RRTConnect,0.03139615058898926,1,100,40,20,1
RRTConnect,0.0336456298828125,1,95,38,19,1
RRTConnect,0.02187204360961914,1,125,50,25,1
RRTConnect,0.011247396469116211,1,110,44,22,1
RRTConnect,0.022708415985107422,1,80,32,16,1
RRTConnect,0.022263765335083008,1,105,42,21,1
RRTConnect,0.02849602699279785,1,115,46,23,1
RRTConnect,0.032753705978393555,1,75,30,15,1
RRTConnect,0.03287863731384277,1,75,30,15,1
RRTConnect,0.030055999755859375,1,115,46,23,1
RRTConnect,0.011862993240356445,1,125,50,25,1
RRTConnect,0.020654916763305664,1,65,26,13,1
RRTConnect,0.023658037185668945,1,130,52,26,1
RRTConnect,0.0309903621673584,1,55,22,11,1
RRTConnect,0.0338597297668457,1,90,36,18,1
RRTConnect,0.034243106842041016,1,85,34,17,1
RRTConnect,0.0359039306640625,1,100,40,20,1
RRTConnect,0.037303924560546875,1,120,48,24,1
RRTConnect,0.03766179084777832,1,95,38,19,1
RRTConnect,0.027423620223999023,1,70,28,14,1
RRTConnect,0.020637035369873047,1,95,38,19,1
RRTConnect,0.0370330810546875,1,115,46,23,1
RRTConnect,0.036200761795043945,1,85,34,17,1
RRTConnect,0.04034852981567383,1,95,38,19,1
RRTConnect,0.07987713813781738,1,110,44,22,1
RRTConnect,0.05324435234069824,1,90,36,18,1
RRTConnect,0.07717394828796387,1,75,30,15,1
RRTConnect,0.05148124694824219,1,95,38,19,1
RRTConnect,0.04678654670715332,1,110,44,22,1
RRTConnect,0.0552210807800293,1,120,48,24,1
RRTConnect,0.04096627235412598,1,65,26,13,1
RRTConnect,0.06503963470458984,1,100,40,20,1
RRTConnect,0.02954244613647461,1,90,36,18,1
RRTConnect,0.05169677734375,1,110,44,22,1
RRTConnect,0.07725954055786133,1,90,36,18,1
RRTConnect,0.05022239685058594,1,95,38,19,1
RRTConnect,0.07389473915100098,1,105,42,21,1
RRTConnect,0.07318925857543945,1,80,32,16,1
RRTConnect,0.03500056266784668,1,95,38,19,1
RRTConnect,0.08757686614990234,1,130,52,26,1
RRTConnect,0.06940436363220215,1,120,48,24,1
RRTConnect,0.06327176094055176,1,95,38,19,1
RRTConnect,0.04173398017883301,1,95,38,19,1
RRTConnect,0.06967353820800781,1,125,50,25,1
RRTConnect,0.0715177059173584,1,120,48,24,1
RRTConnect,0.06566929817199707,1,80,32,16,1
RRTConnect,0.048165082931518555,1,125,50,25,1
RRTConnect,0.07005143165588379,1,95,38,19,1
RRTConnect,0.04428219795227051,1,120,48,24,1
RRTConnect,0.06807804107666016,1,100,40,20,1
RRTConnect,0.049224138259887695,1,105,42,21,1
RRTConnect,0.06841564178466797,1,120,48,24,1
RRTConnect,0.0353238582611084,1,85,34,17,1
RRTConnect,0.055991172790527344,1,75,30,15,1
RRTConnect,0.055503129959106445,1,130,52,26,1
RRTConnect,0.07493996620178223,1,90,36,18,1
RRTConnect,0.05547475814819336,1,100,40,20,1
RRTConnect,0.028339862823486328,1,80,32,16,1
RRTConnect,0.02594280242919922,1,105,42,21,1
RRTConnect,0.04828023910522461,1,75,30,15,1
RRTConnect,0.033606767654418945,1,130,52,26,1
RRTConnect,0.044969797134399414,1,110,44,22,1
RRTConnect,0.043023109436035156,1,115,46,23,1
RRTConnect,0.028821468353271484,1,120,48,24,1
RRTConnect,0.024749755859375,1,85,34,17,1
RRTConnect,0.032044410705566406,1,95,38,19,1
RRTConnect,0.019081592559814453,1,80,32,16,1
RRTConnect,0.028269052505493164,1,110,44,22,1
RRTConnect,0.03580427169799805,1,115,46,23,1
RRTConnect,0.027618885040283203,1,110,44,22,1
RRTConnect,0.04251599311828613,1,110,44,22,1
RRTConnect,0.02970290184020996,1,100,40,20,1
RRTConnect,0.02641153335571289,1,115,46,23,1
RRTConnect,0.03506922721862793,1,105,42,21,1
RRTConnect,0.02693462371826172,1,95,38,19,1
RRTConnect,0.028409242630004883,1,70,28,14,1
RRTConnect,0.01905202865600586,1,100,40,20,1
RRTConnect,0.025311708450317383,1,75,30,15,1
RRTConnect,0.02651500701904297,1,115,46,23,1
RRTConnect,0.04286479949951172,1,90,36,18,1
RRTConnect,0.02873516082763672,1,120,48,24,1
RRTConnect,0.03921389579772949,1,105,42,21,1
RRTConnect,0.030704736709594727,1,90,36,18,1
RRTConnect,0.0254669189453125,1,110,44,22,1
RRTConnect,0.037072181701660156,1,125,50,25,1
RRTConnect,0.03852367401123047,1,125,50,25,1
RRTConnect,0.027803659439086914,1,90,36,18,1
RRTConnect,0.014693260192871094,1,90,36,18,1
RRTConnect,0.03929018974304199,1,120,48,24,1
RRTConnect,0.03643059730529785,1,105,42,21,1
RRTConnect,0.0433499813079834,1,125,50,25,1
RRTConnect,0.024895668029785156,1,60,24,12,1
RRTConnect,0.029193878173828125,1,90,36,18,1
RRTConnect,0.029801607131958008,1,85,34,17,1
RRTConnect,0.020722389221191406,1,90,36,18,1
RRTConnect,0.015302419662475586,1,100,40,20,1
RRTConnect,0.07074904441833496,1,130,52,26,1
RRTConnect,0.041797637939453125,1,105,42,21,1
RRTConnect,0.0730886459350586,1,80,32,16,1
RRTConnect,0.07562756538391113,1,110,44,22,1
RRTConnect,0.08167338371276855,1,125,50,25,1
RRTConnect,0.055432796478271484,1,90,36,18,1
RRTConnect,0.03543829917907715,1,100,40,20,1
RRTConnect,0.040374040603637695,1,105,42,21,1
RRTConnect,0.04055929183959961,1,85,34,17,1
RRTConnect,0.05801105499267578,1,115,46,23,1
RRTConnect,0.0510861873626709,1,100,40,20,1
RRTConnect,0.03622603416442871,1,110,44,22,1
RRTConnect,0.05255293846130371,1,95,38,19,1
RRTConnect,0.07798933982849121,1,115,46,23,1
RRTConnect,0.12378621101379395,1,100,40,20,1
RRTConnect,0.04992413520812988,1,115,46,23,1
RRTConnect,0.07574725151062012,1,120,48,24,1
RRTConnect,0.08425211906433105,1,100,40,20,1
RRTConnect,0.050415754318237305,1,105,42,21,1
RRTConnect,0.04083752632141113,1,75,30,15,1
RRTConnect,0.0408172607421875,1,110,44,22,1
RRTConnect,0.041893959045410156,1,100,40,20,1
RRTConnect,0.04944109916687012,1,105,42,21,1
RRTConnect,0.0597078800201416,1,95,38,19,1
RRTConnect,0.06009411811828613,1,85,34,17,1
RRTConnect,0.05941581726074219,1,75,30,15,1
RRTConnect,0.09008598327636719,1,95,38,19,1
RRTConnect,0.07511782646179199,1,90,36,18,1
RRTConnect,0.06395745277404785,1,90,36,18,1
RRTConnect,0.05350327491760254,1,105,42,21,1
RRTConnect,0.06241011619567871,1,125,50,25,1
RRTConnect,0.049202680587768555,1,100,40,20,1
RRTConnect,0.03712892532348633,1,120,48,24,1
RRTConnect,0.050797224044799805,1,105,42,21,1
RRTConnect,0.03125119209289551,1,95,38,19,1
RRTConnect,0.04280972480773926,1,105,42,21,1
RRTConnect,0.0328066349029541,1,85,34,17,1
RRTConnect,0.04093503952026367,1,105,42,21,1
RRTConnect,0.03944754600524902,1,115,46,23,1
RRTConnect,0.03006601333618164,1,90,36,18,1
RRTConnect,0.032888174057006836,1,55,22,11,1
RRTConnect,0.03487086296081543,1,125,50,25,1
RRTConnect,0.02880573272705078,1,100,40,20,1
RRTConnect,0.024035930633544922,1,125,50,25,1
RRTConnect,0.02533268928527832,1,95,38,19,1
RRTConnect,0.04478931427001953,1,105,42,21,1
RRTConnect,0.03731703758239746,1,105,42,21,1
RRTConnect,0.030321121215820312,1,130,52,26,1
RRTConnect,0.029944896697998047,1,125,50,25,1
RRTConnect,0.023946285247802734,1,95,38,19,1
RRTConnect,0.039286136627197266,1,110,44,22,1
RRTConnect,0.027866840362548828,1,125,50,25,1
RRTConnect,0.018741130828857422,1,80,32,16,1
RRTConnect,0.026875734329223633,1,60,24,12,1
RRTConnect,0.03226208686828613,1,110,44,22,1
RRTConnect,0.02889728546142578,1,80,32,16,1
RRTConnect,0.027521610260009766,1,80,32,16,1
RRTConnect,0.029295682907104492,1,130,52,26,1
RRTConnect,0.030114412307739258,1,130,52,26,1
RRTConnect,0.03356003761291504,1,115,46,23,1
RRTConnect,0.0313105583190918,1,120,48,24,1
RRTConnect,0.029016733169555664,1,130,52,26,1
RRTConnect,0.02914595603942871,1,110,44,22,1
RRTConnect,0.03399181365966797,1,130,52,26,1
RRTConnect,0.03589916229248047,1,95,38,19,1
RRTConnect,0.030188798904418945,1,125,50,25,1
RRTConnect,0.023796796798706055,1,95,38,19,1
RRTConnect,0.034404754638671875,1,90,36,18,1
RRTConnect,0.019811391830444336,1,90,36,18,1
RRTConnect,0.028325557708740234,1,110,44,22,1
RRTConnect,0.041082143783569336,1,110,44,22,1
RRTConnect,0.03484058380126953,1,85,34,17,1
RRTConnect,0.02584052085876465,1,55,22,11,1
RRTConnect,0.03314208984375,1,95,38,19,1
RRTConnect,0.025504112243652344,1,125,50,25,1
RRTConnect,0.04053068161010742,1,130,52,26,1
RRTConnect,0.031152725219726562,1,95,38,19,1
RRTConnect,0.02885150909423828,1,80,32,16,1
RRTConnect,0.03461933135986328,1,95,38,19,1
RRTConnect,0.028002023696899414,1,100,40,20,1
RRTConnect,0.043271541595458984,1,110,44,22,1
RRTConnect,0.020888328552246094,1,100,40,20,1
RRTConnect,0.03539752960205078,1,120,48,24,1
RRTConnect,0.042438507080078125,1,125,50,25,1
RRTConnect,0.03279232978820801,1,100,40,20,1
RRTConnect,0.03576207160949707,1,95,38,19,1
RRTConnect,0.03881025314331055,1,80,32,16,1
RRTConnect,0.031096696853637695,1,125,50,25,1
RRTConnect,0.026318788528442383,1,80,32,16,1
RRTConnect,0.025461673736572266,1,90,36,18,1
RRTConnect,0.026124954223632812,1,115,46,23,1
RRTConnect,0.027113676071166992,1,130,52,26,1
RRTConnect,0.12093138694763184,1,110,44,22,1
RRTConnect,0.03676486015319824,1,130,52,26,1
RRTConnect,0.04096364974975586,1,105,42,21,1
RRTConnect,0.040438175201416016,1,85,34,17,1
RRTConnect,0.05066347122192383,1,75,30,15,1
RRTConnect,0.04814791679382324,1,105,42,21,1
RRTConnect,0.08910274505615234,1,90,36,18,1
RRTConnect,0.07678580284118652,1,120,48,24,1
RRTConnect,0.052088260650634766,1,55,22,11,1
RRTConnect,0.05129528045654297,1,90,36,18,1
RRTConnect,0.05642247200012207,1,90,36,18,1
RRTConnect,0.04399371147155762,1,90,36,18,1
RRTConnect,0.051392316818237305,1,110,44,22,1
RRTConnect,0.06564188003540039,1,95,38,19,1
RRTConnect,0.058550357818603516,1,130,52,26,1
RRTConnect,0.04893922805786133,1,100,40,20,1
RRTConnect,0.05491924285888672,1,65,26,13,1
RRTConnect,0.0801398754119873,1,90,36,18,1
RRTConnect,0.07990384101867676,1,80,32,16,1
RRTConnect,0.06567788124084473,1,95,38,19,1
RRTConnect,0.06213545799255371,1,130,52,26,1
RRTConnect,0.04775881767272949,1,95,38,19,1
RRTConnect,0.05295109748840332,1,105,42,21,1
RRTConnect,0.05904388427734375,1,120,48,24,1
RRTConnect,0.037576913833618164,1,120,48,24,1
RRTConnect,0.026837825775146484,1,110,44,22,1
RRTConnect,0.04686784744262695,1,105,42,21,1
RRTConnect,0.0369265079498291,1,80,32,16,1
RRTConnect,0.039807796478271484,1,125,50,25,1
RRTConnect,0.049164533615112305,1,80,32,16,1
RRTConnect,0.028745174407958984,1,75,30,15,1
RRTConnect,0.03621196746826172,1,95,38,19,1
RRTConnect,0.022096633911132812,1,75,30,15,1
RRTConnect,0.04705548286437988,1,80,32,16,1
RRTConnect,0.03202009201049805,1,85,34,17,1
RRTConnect,0.02197718620300293,1,105,42,21,1
RRTConnect,0.03841447830200195,1,120,48,24,1
RRTConnect,0.03778076171875,1,85,34,17,1
RRTConnect,0.05051469802856445,1,110,44,22,1
RRTConnect,0.03441667556762695,1,105,42,21,1
RRTConnect,0.043474435806274414,1,110,44,22,1
RRTConnect,0.035666704177856445,1,75,30,15,1
RRTConnect,0.036690473556518555,1,110,44,22,1
RRTConnect,0.016206741333007812,1,125,50,25,1
RRTConnect,0.0212554931640625,1,105,42,21,1
RRTConnect,0.029410839080810547,1,120,48,24,1
RRTConnect,0.044202566146850586,1,95,38,19,1
RRTConnect,0.028375625610351562,1,110,44,22,1
RRTConnect,0.027428865432739258,1,105,42,21,1
RRTConnect,0.03322577476501465,1,130,52,26,1
RRTConnect,0.02134871482849121,1,105,42,21,1
RRTConnect,0.01612067222595215,1,80,32,16,1
RRTConnect,0.03175163269042969,1,90,36,18,1
RRTConnect,0.029198169708251953,1,95,38,19,1
RRTConnect,0.044660329818725586,1,130,52,26,1
RRTConnect,0.032892704010009766,1,100,40,20,1
RRTConnect,0.025049686431884766,1,105,42,21,1
RRTConnect,0.024027347564697266,1,90,36,18,1
RRTConnect,0.03461909294128418,1,95,38,19,1
RRTConnect,0.02613997459411621,1,85,34,17,1
RRTConnect,0.03358864784240723,1,90,36,18,1
RRTConnect,0.019796371459960938,1,95,38,19,1
RRTConnect,0.03421425819396973,1,105,42,21,1
RRTConnect,0.022947072982788086,1,70,28,14,1
RRTConnect,0.025692224502563477,1,95,38,19,1
RRTConnect,0.02292346954345703,1,90,36,18,1
RRTConnect,0.05283808708190918,1,115,46,23,1
RRTConnect,0.02241039276123047,1,95,38,19,1
RRTConnect,0.03504681587219238,1,50,20,10,1
RRTConnect,0.02470850944519043,1,100,40,20,1
RRTConnect,0.027987957000732422,1,110,44,22,1
RRTConnect,0.029143571853637695,1,95,38,19,1
RRTConnect,0.025665283203125,1,120,48,24,1
RRTConnect,0.03391695022583008,1,110,44,22,1
RRTConnect,0.020633935928344727,1,95,38,19,1
RRTConnect,0.029780149459838867,1,125,50,25,1
RRTConnect,0.028261184692382812,1,75,30,15,1
RRTConnect,0.03998136520385742,1,130,52,26,1
RRTConnect,0.04302811622619629,1,80,32,16,1
RRTConnect,0.05394768714904785,1,90,36,18,1
RRTConnect,0.06683897972106934,1,90,36,18,1
RRTConnect,0.06438732147216797,1,80,32,16,1
RRTConnect,0.05387568473815918,1,110,44,22,1
RRTConnect,0.07358384132385254,1,115,46,23,1
RRTConnect,0.06769156455993652,1,110,44,22,1
RRTConnect,0.057692527770996094,1,130,52,26,1
RRTConnect,0.06738495826721191,1,95,38,19,1
RRTConnect,0.04710793495178223,1,110,44,22,1
RRTConnect,0.07993316650390625,1,130,52,26,1
RRTConnect,0.050322771072387695,1,90,36,18,1
RRTConnect,0.04909253120422363,1,70,28,14,1
RRTConnect,0.07026314735412598,1,80,32,16,1
RRTConnect,0.06292033195495605,1,80,32,16,1
RRTConnect,0.08220362663269043,1,80,32,16,1
RRTConnect,0.08299684524536133,1,90,36,18,1
RRTConnect,0.12564325332641602,1,90,36,18,1
RRTConnect,0.10939145088195801,1,95,38,19,1
RRTConnect,0.09222817420959473,1,85,34,17,1
RRTConnect,0.11073875427246094,1,100,40,20,1
RRTConnect,0.11015820503234863,1,100,40,20,1
RRTConnect,0.12228846549987793,1,130,52,26,1
RRTConnect,0.06397509574890137,1,95,38,19,1
RRTConnect,0.060701608657836914,1,75,30,15,1
RRTConnect,0.09463047981262207,1,95,38,19,1
RRTConnect,0.0700216293334961,1,125,50,25,1
RRTConnect,0.0639352798461914,1,105,42,21,1
RRTConnect,0.04931211471557617,1,125,50,25,1
RRTConnect,0.050710439682006836,1,85,34,17,1
RRTConnect,0.023055553436279297,1,90,36,18,1
RRTConnect,0.028171062469482422,1,105,42,21,1
RRTConnect,0.03413271903991699,1,120,48,24,1
RRTConnect,0.07628893852233887,1,95,38,19,1
RRTConnect,0.06056070327758789,1,105,42,21,1
RRTConnect,0.0689704418182373,1,95,38,19,1
RRTConnect,0.09747886657714844,1,95,38,19,1
RRTConnect,0.07623744010925293,1,90,36,18,1
RRTConnect,0.06692051887512207,1,125,50,25,1
RRTConnect,0.17802953720092773,1,130,52,26,1
RRTConnect,0.08507513999938965,1,75,30,15,1
RRTConnect,0.11348772048950195,1,125,50,25,1
RRTConnect,0.16182565689086914,1,90,36,18,1
RRTConnect,0.10907196998596191,1,100,40,20,1
RRTConnect,0.07527756690979004,1,90,36,18,1
RRTConnect,0.07480454444885254,1,110,44,22,1
RRTConnect,0.11180233955383301,1,115,46,23,1
RRTConnect,0.07423925399780273,1,115,46,23,1
RRTConnect,0.10466265678405762,1,50,20,10,1
RRTConnect,0.0702817440032959,1,130,52,26,1
RRTConnect,0.04743671417236328,1,65,26,13,1
RRTConnect,0.05011630058288574,1,60,24,12,1
RRTConnect,0.08905482292175293,1,115,46,23,1
RRTConnect,0.07255053520202637,1,85,34,17,1
RRTConnect,0.08453750610351562,1,95,38,19,1
RRTConnect,0.061711788177490234,1,85,34,17,1
RRTConnect,0.10555458068847656,1,55,22,11,1
RRTConnect,0.06411290168762207,1,90,36,18,1
RRTConnect,0.0447390079498291,1,125,50,25,1
RRTConnect,0.056668758392333984,1,75,30,15,1
RRTConnect,0.08998966217041016,1,80,32,16,1
RRTConnect,0.08124756813049316,1,95,38,19,1
RRTConnect,0.09873700141906738,1,100,40,20,1
RRTConnect,0.091796875,1,105,42,21,1
RRTConnect,0.20152711868286133,1,85,34,17,1
RRTConnect,0.09347987174987793,1,115,46,23,1
RRTConnect,0.09379911422729492,1,95,38,19,1
RRTConnect,0.09177827835083008,1,125,50,25,1
RRTConnect,0.08231449127197266,1,120,48,24,1
RRTConnect,0.07973861694335938,1,115,46,23,1
RRTConnect,0.06380677223205566,1,130,52,26,1
RRTConnect,0.0663447380065918,1,85,34,17,1
RRTConnect,0.05055999755859375,1,125,50,25,1
RRTConnect,0.08261370658874512,1,90,36,18,1
RRTConnect,0.051792144775390625,1,115,46,23,1
RRTConnect,0.07209944725036621,1,80,32,16,1
RRTConnect,0.059191226959228516,1,90,36,18,1
RRTConnect,0.07918143272399902,1,125,50,25,1
RRTConnect,0.05318284034729004,1,80,32,16,1
RRTConnect,0.05043816566467285,1,90,36,18,1
RRTConnect,0.0482635498046875,1,125,50,25,1
RRTConnect,0.047446250915527344,1,110,44,22,1
RRTConnect,0.04876112937927246,1,110,44,22,1
RRTConnect,0.04275703430175781,1,70,28,14,1
RRTConnect,0.032950401306152344,1,90,36,18,1
RRTConnect,0.03953886032104492,1,100,40,20,1
RRTConnect,0.0417478084564209,1,100,40,20,1
RRTConnect,0.022113323211669922,1,60,24,12,1
RRTConnect,0.03487658500671387,1,115,46,23,1
RRTConnect,0.05800151824951172,1,90,36,18,1
RRTConnect,0.03926968574523926,1,75,30,15,1
RRTConnect,0.03936505317687988,1,100,40,20,1
RRTConnect,0.054747819900512695,1,100,40,20,1
RRTConnect,0.036025285720825195,1,100,40,20,1
RRTConnect,0.020833969116210938,1,100,40,20,1
RRTConnect,0.02989482879638672,1,80,32,16,1
RRTConnect,0.029774904251098633,1,70,28,14,1
RRTConnect,0.03334808349609375,1,80,32,16,1
RRTConnect,0.027641773223876953,1,95,38,19,1
RRTConnect,0.05646395683288574,1,105,42,21,1
RRTConnect,0.07512068748474121,1,120,48,24,1
RRTConnect,0.05695796012878418,1,120,48,24,1
RRTConnect,0.05712771415710449,1,95,38,19,1
RRTConnect,0.05053424835205078,1,115,46,23,1
RRTConnect,0.03203129768371582,1,105,42,21,1
RRTConnect,0.07842826843261719,1,130,52,26,1
RRTConnect,0.06684279441833496,1,85,34,17,1
RRTConnect,0.0602116584777832,1,75,30,15,1
RRTConnect,0.04259943962097168,1,60,24,12,1
RRTConnect,0.05981779098510742,1,115,46,23,1
RRTConnect,0.07883310317993164,1,130,52,26,1
RRTConnect,0.057446956634521484,1,85,34,17,1
RRTConnect,0.040900230407714844,1,90,36,18,1
RRTConnect,0.05756783485412598,1,85,34,17,1
RRTConnect,0.07125735282897949,1,90,36,18,1
RRTConnect,0.058866024017333984,1,75,30,15,1
RRTConnect,0.036043405532836914,1,85,34,17,1
RRTConnect,0.02257084846496582,1,80,32,16,1
RRTConnect,0.017768383026123047,1,130,52,26,1
RRTConnect,0.025426387786865234,1,120,48,24,1
RRTConnect,0.04564166069030762,1,115,46,23,1
RRTConnect,0.03249406814575195,1,85,34,17,1
RRTConnect,0.05913043022155762,1,90,36,18,1
RRTConnect,0.024877309799194336,1,100,40,20,1
RRTConnect,0.03319048881530762,1,95,38,19,1
RRTConnect,0.02685260772705078,1,105,42,21,1
RRTConnect,0.03475165367126465,1,110,44,22,1
RRTConnect,0.01986408233642578,1,100,40,20,1
RRTConnect,0.027019500732421875,1,85,34,17,1
RRTConnect,0.038164377212524414,1,70,28,14,1
RRTConnect,0.038552284240722656,1,130,52,26,1
RRTConnect,0.035727739334106445,1,105,42,21,1
RRTConnect,0.026541471481323242,1,85,34,17,1
RRTConnect,0.051203250885009766,1,130,52,26,1
RRTConnect,0.024993181228637695,1,90,36,18,1
RRTConnect,0.0490720272064209,1,120,48,24,1
RRTConnect,0.03761434555053711,1,120,48,24,1
RRTConnect,0.03602313995361328,1,85,34,17,1
RRTConnect,0.04553985595703125,1,90,36,18,1
RRTConnect,0.03164029121398926,1,120,48,24,1
RRTConnect,0.036502838134765625,1,90,36,18,1
RRTConnect,0.026801109313964844,1,85,34,17,1
RRTConnect,0.031493186950683594,1,85,34,17,1
RRTConnect,0.01657891273498535,1,100,40,20,1
RRTConnect,0.03386521339416504,1,100,40,20,1
RRTConnect,0.032184600830078125,1,130,52,26,1
RRTConnect,0.01763319969177246,1,90,36,18,1
RRTConnect,0.018306732177734375,1,120,48,24,1
RRTConnect,0.03230881690979004,1,120,48,24,1
RRTConnect,0.03208184242248535,1,95,38,19,1
RRTConnect,0.05200457572937012,1,80,32,16,1
RRTConnect,0.060343265533447266,1,75,30,15,1
RRTConnect,0.05852961540222168,1,85,34,17,1
RRTConnect,0.04936051368713379,1,120,48,24,1
RRTConnect,0.05052661895751953,1,90,36,18,1
RRTConnect,0.04753303527832031,1,80,32,16,1
RRTConnect,0.05187201499938965,1,125,50,25,1
RRTConnect,0.06430768966674805,1,100,40,20,1
RRTConnect,0.04554891586303711,1,100,40,20,1
RRTConnect,0.051787614822387695,1,115,46,23,1
RRTConnect,0.040463924407958984,1,75,30,15,1
RRTConnect,0.07981348037719727,1,85,34,17,1
RRTConnect,0.029496431350708008,1,90,36,18,1
RRTConnect,0.056761741638183594,1,75,30,15,1
RRTConnect,0.06601524353027344,1,130,52,26,1
RRTConnect,0.04413747787475586,1,90,36,18,1
RRTConnect,0.05355691909790039,1,105,42,21,1
RRTConnect,0.048829078674316406,1,100,40,20,1
RRTConnect,0.039194583892822266,1,125,50,25,1
RRTConnect,0.03759193420410156,1,90,36,18,1
RRTConnect,0.0269775390625,1,90,36,18,1
RRTConnect,0.03043508529663086,1,70,28,14,1
RRTConnect,0.02736353874206543,1,85,34,17,1
RRTConnect,0.03816103935241699,1,80,32,16,1
RRTConnect,0.031337738037109375,1,130,52,26,1
RRTConnect,0.03794050216674805,1,55,22,11,1
RRTConnect,0.035508155822753906,1,75,30,15,1
RRTConnect,0.03667593002319336,1,75,30,15,1
RRTConnect,0.034659624099731445,1,85,34,17,1
RRTConnect,0.03766584396362305,1,95,38,19,1
RRTConnect,0.037856340408325195,1,115,46,23,1
RRTConnect,0.047702789306640625,1,115,46,23,1
RRTConnect,0.03580760955810547,1,90,36,18,1
RRTConnect,0.042874813079833984,1,105,42,21,1
RRTConnect,0.033966064453125,1,125,50,25,1
RRTConnect,0.04229450225830078,1,125,50,25,1
RRTConnect,0.037432193756103516,1,100,40,20,1
RRTConnect,0.04668831825256348,1,105,42,21,1
RRTConnect,0.040062665939331055,1,105,42,21,1
RRTConnect,0.026456832885742188,1,95,38,19,1
RRTConnect,0.01718449592590332,1,110,44,22,1
RRTConnect,0.031821250915527344,1,130,52,26,1
RRTConnect,0.03964638710021973,1,120,48,24,1
RRTConnect,0.027316570281982422,1,95,38,19,1
RRTConnect,0.057990312576293945,1,95,38,19,1
RRTConnect,0.04974031448364258,1,105,42,21,1
RRTConnect,0.04682469367980957,1,110,44,22,1
RRTConnect,0.05509495735168457,1,85,34,17,1
RRTConnect,0.039585113525390625,1,125,50,25,1
RRTConnect,0.06987833976745605,1,90,36,18,1
RRTConnect,0.047734975814819336,1,85,34,17,1
RRTConnect,0.06333756446838379,1,115,46,23,1
RRTConnect,0.055217742919921875,1,100,40,20,1
RRTConnect,0.06399202346801758,1,125,50,25,1
RRTConnect,0.041422367095947266,1,115,46,23,1
RRTConnect,0.052401065826416016,1,130,52,26,1
RRTConnect,0.07167673110961914,1,95,38,19,1
RRTConnect,0.035104990005493164,1,120,48,24,1
RRTConnect,0.061065673828125,1,90,36,18,1
RRTConnect,0.06302595138549805,1,85,34,17,1
RRTConnect,0.03834199905395508,1,100,40,20,1
RRTConnect,0.0615694522857666,1,90,36,18,1
RRTConnect,0.06927633285522461,1,130,52,26,1
RRTConnect,0.11472535133361816,1,130,52,26,1
RRTConnect,0.07713961601257324,1,105,42,21,1
RRTConnect,0.10545778274536133,1,85,34,17,1
RRTConnect,0.08280396461486816,1,100,40,20,1
RRTConnect,0.12123346328735352,1,55,22,11,1
RRTConnect,0.08882737159729004,1,105,42,21,1
RRTConnect,0.13431549072265625,1,80,32,16,1
RRTConnect,0.11480975151062012,1,125,50,25,1
RRTConnect,0.0985116958618164,1,115,46,23,1
RRTConnect,0.04632282257080078,1,90,36,18,1
RRTConnect,0.09412980079650879,1,95,38,19,1
RRTConnect,0.044068098068237305,1,85,34,17,1
RRTConnect,0.07088422775268555,1,90,36,18,1
RRTConnect,0.09116673469543457,1,130,52,26,1
RRTConnect,0.08908867835998535,1,105,42,21,1
RRTConnect,0.07912588119506836,1,105,42,21,1
RRTConnect,0.07595658302307129,1,130,52,26,1
RRTConnect,0.06623291969299316,1,90,36,18,1
RRTConnect,0.050794124603271484,1,115,46,23,1
RRTConnect,0.08497071266174316,1,130,52,26,1
RRTConnect,0.03758549690246582,1,85,34,17,1
RRTConnect,0.04491782188415527,1,85,34,17,1
RRTConnect,0.05690741539001465,1,80,32,16,1
RRTConnect,0.03748178482055664,1,90,36,18,1
RRTConnect,0.06731224060058594,1,100,40,20,1
RRTConnect,0.04193878173828125,1,120,48,24,1
RRTConnect,0.040051937103271484,1,125,50,25,1
RRTConnect,0.03714895248413086,1,130,52,26,1
RRTConnect,0.050287485122680664,1,105,42,21,1
RRTConnect,0.03294253349304199,1,90,36,18,1
RRTConnect,0.034197092056274414,1,105,42,21,1
RRTConnect,0.04359579086303711,1,90,36,18,1
RRTConnect,0.028976917266845703,1,130,52,26,1
RRTConnect,0.029319047927856445,1,90,36,18,1
RRTConnect,0.05860757827758789,1,115,46,23,1
RRTConnect,0.05808854103088379,1,90,36,18,1
RRTConnect,0.04763340950012207,1,130,52,26,1
RRTConnect,0.06341099739074707,1,95,38,19,1
RRTConnect,0.045624494552612305,1,80,32,16,1
RRTConnect,0.0426332950592041,1,125,50,25,1
RRTConnect,0.04942512512207031,1,115,46,23,1
RRTConnect,0.06452488899230957,1,90,36,18,1
RRTConnect,0.05124211311340332,1,125,50,25,1
RRTConnect,0.06067538261413574,1,130,52,26,1
RRTConnect,0.06643891334533691,1,95,38,19,1
RRTConnect,0.06823563575744629,1,120,48,24,1
RRTConnect,0.07014656066894531,1,85,34,17,1
RRTConnect,0.02937912940979004,1,110,44,22,1
RRTConnect,0.044589996337890625,1,95,38,19,1
RRTConnect,0.038820743560791016,1,85,34,17,1
RRTConnect,0.03239297866821289,1,85,34,17,1
RRTConnect,0.02196955680847168,1,70,28,14,1
RRTConnect,0.024242401123046875,1,100,40,20,1
RRTConnect,0.03434014320373535,1,105,42,21,1
RRTConnect,0.0579838752746582,1,90,36,18,1
RRTConnect,0.07394552230834961,1,115,46,23,1
RRTConnect,0.05524015426635742,1,85,34,17,1
RRTConnect,0.037795305252075195,1,130,52,26,1
RRTConnect,0.056552886962890625,1,125,50,25,1
RRTConnect,0.06629610061645508,1,85,34,17,1
RRTConnect,0.04668545722961426,1,110,44,22,1
RRTConnect,0.253833532333374,1,85,34,17,1
RRTConnect,0.055333852767944336,1,90,36,18,1
RRTConnect,0.040062665939331055,1,85,34,17,1
RRTConnect,0.047553300857543945,1,115,46,23,1
RRTConnect,0.03672909736633301,1,90,36,18,1
RRTConnect,0.052034854888916016,1,110,44,22,1
RRTConnect,0.05382370948791504,1,85,34,17,1
RRTConnect,0.029196977615356445,1,80,32,16,1
RRTConnect,0.05013418197631836,1,80,32,16,1
RRTConnect,0.08799004554748535,1,120,48,24,1
RRTConnect,0.10203933715820312,1,130,52,26,1
RRTConnect,0.05631589889526367,1,85,34,17,1
RRTConnect,0.035657405853271484,1,75,30,15,1
RRTConnect,0.049553632736206055,1,105,42,21,1
RRTConnect,0.05773353576660156,1,125,50,25,1
RRTConnect,0.062395334243774414,1,100,40,20,1
RRTConnect,0.05154132843017578,1,60,24,12,1
RRTConnect,0.0594172477722168,1,120,48,24,1
RRTConnect,0.07077360153198242,1,130,52,26,1
RRTConnect,0.05582761764526367,1,125,50,25,1
RRTConnect,0.05886387825012207,1,80,32,16,1
RRTConnect,0.041429996490478516,1,130,52,26,1
RRTConnect,0.03993964195251465,1,115,46,23,1
RRTConnect,0.044509172439575195,1,85,34,17,1
RRTConnect,0.0397191047668457,1,100,40,20,1
RRTConnect,0.05011343955993652,1,115,46,23,1
RRTConnect,0.03417062759399414,1,90,36,18,1
RRTConnect,0.027956485748291016,1,110,44,22,1
RRTConnect,0.029514074325561523,1,85,34,17,1
RRTConnect,0.03739595413208008,1,95,38,19,1
RRTConnect,0.045027971267700195,1,125,50,25,1
RRTConnect,0.025905132293701172,1,60,24,12,1
RRTConnect,0.03051900863647461,1,115,46,23,1
RRTConnect,0.02808523178100586,1,110,44,22,1
RRTConnect,0.022532939910888672,1,90,36,18,1
RRTConnect,0.03429818153381348,1,95,38,19,1
RRTConnect,0.043869733810424805,1,90,36,18,1
RRTConnect,0.04303789138793945,1,95,38,19,1
RRTConnect,0.06443214416503906,1,70,28,14,1
RRTConnect,0.0859520435333252,1,120,48,24,1
RRTConnect,0.0701146125793457,1,125,50,25,1
RRTConnect,0.0548551082611084,1,90,36,18,1
RRTConnect,0.05748796463012695,1,95,38,19,1
RRTConnect,0.07018041610717773,1,75,30,15,1
RRTConnect,0.051589250564575195,1,85,34,17,1
RRTConnect,0.07020783424377441,1,125,50,25,1
RRTConnect,0.08031177520751953,1,85,34,17,1
RRTConnect,0.11086463928222656,1,105,42,21,1
RRTConnect,0.06032276153564453,1,105,42,21,1
RRTConnect,0.037462472915649414,1,95,38,19,1
RRTConnect,0.028845548629760742,1,90,36,18,1
RRTConnect,0.04961228370666504,1,95,38,19,1
RRTConnect,0.04743647575378418,1,105,42,21,1
RRTConnect,1.0020592212677002,1,85,34,17,1
RRTConnect,0.052098751068115234,1,90,36,18,1
RRTConnect,0.03461027145385742,1,125,50,25,1
RRTConnect,0.03670001029968262,1,125,50,25,1
RRTConnect,0.7583792209625244,1,100,40,20,1
RRTConnect,0.04787755012512207,1,115,46,23,1
RRTConnect,0.05679631233215332,1,80,32,16,1
RRTConnect,0.06085944175720215,1,110,44,22,1
RRTConnect,0.049590349197387695,1,110,44,22,1
RRTConnect,0.06455159187316895,1,85,34,17,1
RRTConnect,0.06515860557556152,1,90,36,18,1
RRTConnect,0.06404566764831543,1,115,46,23,1
RRTConnect,0.03638458251953125,1,120,48,24,1
RRTConnect,0.07291078567504883,1,120,48,24,1
RRTConnect,0.051156044006347656,1,100,40,20,1
RRTConnect,0.07830142974853516,1,100,40,20,1
RRTConnect,0.058075666427612305,1,105,42,21,1
RRTConnect,0.08491849899291992,1,110,44,22,1
RRTConnect,0.061344146728515625,1,90,36,18,1
RRTConnect,0.03120112419128418,1,130,52,26,1
RRTConnect,0.07200098037719727,1,90,36,18,1
RRTConnect,0.06818890571594238,1,120,48,24,1
RRTConnect,0.06321287155151367,1,125,50,25,1
RRTConnect,0.08886933326721191,1,125,50,25,1
RRTConnect,0.08602404594421387,1,115,46,23,1
RRTConnect,0.07224488258361816,1,85,34,17,1
RRTConnect,0.07109808921813965,1,115,46,23,1
RRTConnect,0.10124707221984863,1,110,44,22,1
RRTConnect,0.057210683822631836,1,95,38,19,1
RRTConnect,0.11006999015808105,1,90,36,18,1
RRTConnect,0.06628203392028809,1,90,36,18,1
RRTConnect,0.07026052474975586,1,85,34,17,1
RRTConnect,0.03286290168762207,1,80,32,16,1
RRTConnect,0.05777168273925781,1,75,30,15,1
RRTConnect,0.025587797164916992,1,70,28,14,1
RRTConnect,0.0459134578704834,1,85,34,17,1
RRTConnect,0.040479421615600586,1,100,40,20,1
RRTConnect,0.04027414321899414,1,100,40,20,1
RRTConnect,0.045072078704833984,1,90,36,18,1
RRTConnect,0.0498354434967041,1,85,34,17,1
RRTConnect,0.03332638740539551,1,105,42,21,1
RRTConnect,0.0467984676361084,1,90,36,18,1
RRTConnect,0.03094005584716797,1,95,38,19,1
RRTConnect,0.03968334197998047,1,120,48,24,1
RRTConnect,0.03161811828613281,1,105,42,21,1
RRTConnect,0.032644033432006836,1,105,42,21,1
RRTConnect,0.02723073959350586,1,115,46,23,1
RRTConnect,0.020354032516479492,1,95,38,19,1
RRTConnect,0.0233767032623291,1,100,40,20,1
RRTConnect,0.0349888801574707,1,125,50,25,1
RRTConnect,0.03219175338745117,1,125,50,25,1
RRTConnect,0.03778266906738281,1,115,46,23,1
RRTConnect,0.030420780181884766,1,90,36,18,1
RRTConnect,0.02576422691345215,1,100,40,20,1
RRTConnect,0.040816545486450195,1,115,46,23,1
RRTConnect,0.017642498016357422,1,75,30,15,1
RRTConnect,0.04030466079711914,1,90,36,18,1
RRTConnect,0.03526163101196289,1,85,34,17,1
RRTConnect,0.027848243713378906,1,115,46,23,1
RRTConnect,0.03727555274963379,1,105,42,21,1
RRTConnect,0.03457283973693848,1,75,30,15,1
RRTConnect,0.022678852081298828,1,85,34,17,1
RRTConnect,0.03324174880981445,1,90,36,18,1
RRTConnect,0.019280433654785156,1,80,32,16,1
RRTConnect,0.030893564224243164,1,65,26,13,1
RRTConnect,0.04203033447265625,1,125,50,25,1
RRTConnect,0.029965877532958984,1,125,50,25,1
RRTConnect,0.029622316360473633,1,120,48,24,1
RRTConnect,0.03673696517944336,1,115,46,23,1
RRTConnect,0.03563332557678223,1,125,50,25,1
RRTConnect,0.02401590347290039,1,130,52,26,1
RRTConnect,0.03203845024108887,1,85,34,17,1
RRTConnect,0.025543212890625,1,105,42,21,1
RRTConnect,0.03796553611755371,1,95,38,19,1
RRTConnect,0.021950721740722656,1,120,48,24,1
RRTConnect,0.035068511962890625,1,120,48,24,1
RRTConnect,0.05216479301452637,1,80,32,16,1
RRTConnect,0.040245771408081055,1,70,28,14,1
RRTConnect,0.02646613121032715,1,100,40,20,1
RRTConnect,0.06173872947692871,1,90,36,18,1
RRTConnect,0.030684947967529297,1,70,28,14,1
RRTConnect,0.052133798599243164,1,115,46,23,1
RRTConnect,0.042967796325683594,1,95,38,19,1
RRTConnect,0.05163908004760742,1,80,32,16,1
RRTConnect,0.029666900634765625,1,90,36,18,1
RRTConnect,0.035619258880615234,1,95,38,19,1
RRTConnect,0.02484416961669922,1,70,28,14,1
RRTConnect,0.04650115966796875,1,130,52,26,1
RRTConnect,0.031006813049316406,1,105,42,21,1
RRTConnect,0.07489013671875,1,120,48,24,1
RRTConnect,0.0436553955078125,1,95,38,19,1
RRTConnect,0.11445760726928711,1,90,36,18,1
RRTConnect,0.08191251754760742,1,90,36,18,1
RRTConnect,0.10828948020935059,1,90,36,18,1
RRTConnect,0.08231949806213379,1,120,48,24,1
RRTConnect,0.1227254867553711,1,80,32,16,1
RRTConnect,0.09147429466247559,1,95,38,19,1
RRTConnect,0.14881229400634766,1,130,52,26,1
RRTConnect,0.09334945678710938,1,130,52,26,1
RRTConnect,0.08605027198791504,1,70,28,14,1
RRTConnect,0.07383871078491211,1,95,38,19,1
RRTConnect,0.07808470726013184,1,105,42,21,1
RRTConnect,0.0802772045135498,1,120,48,24,1
RRTConnect,0.07991409301757812,1,85,34,17,1
RRTConnect,0.04090595245361328,1,85,34,17,1
RRTConnect,0.11226725578308105,1,95,38,19,1
RRTConnect,0.10343766212463379,1,85,34,17,1
RRTConnect,0.0679781436920166,1,80,32,16,1
RRTConnect,0.0966029167175293,1,100,40,20,1
RRTConnect,0.09171342849731445,1,110,44,22,1
RRTConnect,0.08859658241271973,1,85,34,17,1
RRTConnect,0.07593464851379395,1,95,38,19,1
RRTConnect,0.09630417823791504,1,75,30,15,1
RRTConnect,0.06530499458312988,1,120,48,24,1
RRTConnect,0.11905980110168457,1,115,46,23,1
RRTConnect,0.10608267784118652,1,95,38,19,1
RRTConnect,0.12461256980895996,1,110,44,22,1
RRTConnect,0.08819818496704102,1,70,28,14,1
RRTConnect,0.10389423370361328,1,110,44,22,1
RRTConnect,0.08428406715393066,1,100,40,20,1
RRTConnect,0.08769059181213379,1,105,42,21,1
RRTConnect,0.08038949966430664,1,90,36,18,1
RRTConnect,0.06753945350646973,1,85,34,17,1
RRTConnect,0.08108043670654297,1,115,46,23,1
RRTConnect,0.06219959259033203,1,100,40,20,1
RRTConnect,0.06638908386230469,1,80,32,16,1
RRTConnect,0.05038642883300781,1,130,52,26,1
RRTConnect,0.04185295104980469,1,100,40,20,1
RRTConnect,0.03867483139038086,1,110,44,22,1
RRTConnect,0.06493449211120605,1,105,42,21,1
RRTConnect,0.047820091247558594,1,100,40,20,1
RRTConnect,0.049317359924316406,1,100,40,20,1
RRTConnect,0.04743456840515137,1,115,46,23,1
RRTConnect,0.020712852478027344,1,65,26,13,1
RRTConnect,0.016724824905395508,1,90,36,18,1
RRTConnect,0.043024539947509766,1,80,32,16,1
RRTConnect,0.02517867088317871,1,130,52,26,1
RRTConnect,0.03360939025878906,1,100,40,20,1
RRTConnect,0.026166915893554688,1,95,38,19,1
RRTConnect,0.044615983963012695,1,95,38,19,1
RRTConnect,0.05539870262145996,1,80,32,16,1
RRTConnect,0.03694558143615723,1,105,42,21,1
RRTConnect,0.02882862091064453,1,125,50,25,1
RRTConnect,0.03273463249206543,1,100,40,20,1
RRTConnect,0.04064512252807617,1,90,36,18,1
RRTConnect,0.03449845314025879,1,110,44,22,1
RRTConnect,0.032213687896728516,1,110,44,22,1
RRTConnect,0.04030299186706543,1,90,36,18,1
RRTConnect,0.04692244529724121,1,90,36,18,1
RRTConnect,0.019949674606323242,1,110,44,22,1
RRTConnect,0.029961347579956055,1,100,40,20,1
RRTConnect,0.0323488712310791,1,85,34,17,1
RRTConnect,0.01863384246826172,1,125,50,25,1
RRTConnect,0.0292818546295166,1,85,34,17,1
RRTConnect,0.0485844612121582,1,90,36,18,1
RRTConnect,0.04265022277832031,1,105,42,21,1
RRTConnect,0.033429622650146484,1,95,38,19,1
RRTConnect,0.03228926658630371,1,90,36,18,1
RRTConnect,0.04203629493713379,1,130,52,26,1
RRTConnect,0.026061534881591797,1,120,48,24,1
RRTConnect,0.02168750762939453,1,90,36,18,1
RRTConnect,0.03821849822998047,1,130,52,26,1
RRTConnect,0.03689742088317871,1,125,50,25,1
RRTConnect,0.03305482864379883,1,105,42,21,1
RRTConnect,0.04241037368774414,1,110,44,22,1
RRTConnect,0.035265445709228516,1,75,30,15,1
RRTConnect,0.03214073181152344,1,120,48,24,1
RRTConnect,0.036257266998291016,1,100,40,20,1
RRTConnect,0.03403925895690918,1,95,38,19,1
RRTConnect,0.043296098709106445,1,105,42,21,1
RRTConnect,0.0356440544128418,1,115,46,23,1
RRTConnect,0.04418301582336426,1,90,36,18,1
RRTConnect,0.03997445106506348,1,120,48,24,1
RRTConnect,0.053273677825927734,1,65,26,13,1
RRTConnect,0.03179621696472168,1,90,36,18,1
RRTConnect,0.02932000160217285,1,80,32,16,1
RRTConnect,0.055760860443115234,1,115,46,23,1
RRTConnect,0.041406869888305664,1,100,40,20,1
RRTConnect,0.03658485412597656,1,85,34,17,1
RRTConnect,0.025922775268554688,1,100,40,20,1
RRTConnect,0.029767274856567383,1,65,26,13,1
RRTConnect,0.03478574752807617,1,115,46,23,1
RRTConnect,0.04403567314147949,1,120,48,24,1
RRTConnect,0.029384374618530273,1,105,42,21,1
RRTConnect,0.02983713150024414,1,105,42,21,1
RRTConnect,0.038672685623168945,1,55,22,11,1
RRTConnect,0.03383898735046387,1,80,32,16,1
RRTConnect,0.019739866256713867,1,80,32,16,1
RRTConnect,0.018290042877197266,1,90,36,18,1
RRTConnect,0.032953739166259766,1,115,46,23,1
RRTConnect,0.026207447052001953,1,125,50,25,1
RRTConnect,0.022783279418945312,1,95,38,19,1
RRTConnect,0.023685455322265625,1,85,34,17,1
RRTConnect,0.033643484115600586,1,110,44,22,1
RRTConnect,0.018280506134033203,1,85,34,17,1
RRTConnect,0.029726266860961914,1,115,46,23,1
RRTConnect,0.040389060974121094,1,130,52,26,1
RRTConnect,0.03652524948120117,1,105,42,21,1
RRTConnect,0.03197002410888672,1,95,38,19,1
RRTConnect,0.02830958366394043,1,105,42,21,1
RRTConnect,0.04258012771606445,1,100,40,20,1
RRTConnect,0.030652761459350586,1,125,50,25,1
RRTConnect,0.028179407119750977,1,90,36,18,1
RRTConnect,0.03458666801452637,1,110,44,22,1
RRTConnect,0.019291162490844727,1,70,28,14,1
RRTConnect,0.017282485961914062,1,105,42,21,1
RRTConnect,0.028149127960205078,1,90,36,18,1
RRTConnect,0.03894376754760742,1,125,50,25,1
RRTConnect,0.037995100021362305,1,105,42,21,1
RRTConnect,0.05443572998046875,1,75,30,15,1
RRTConnect,0.04062819480895996,1,90,36,18,1
RRTConnect,0.027951478958129883,1,85,34,17,1
RRTConnect,0.04033708572387695,1,95,38,19,1
RRTConnect,0.049839019775390625,1,100,40,20,1
RRTConnect,0.018845558166503906,1,80,32,16,1
RRTConnect,0.03669548034667969,1,90,36,18,1
RRTConnect,0.023265838623046875,1,95,38,19,1
RRTConnect,0.026045799255371094,1,125,50,25,1
RRTConnect,0.026339054107666016,1,85,34,17,1
RRTConnect,0.04220128059387207,1,80,32,16,1
RRTConnect,0.05039381980895996,1,95,38,19,1
RRTConnect,0.03450202941894531,1,90,36,18,1
RRTConnect,0.0330960750579834,1,90,36,18,1
RRTConnect,0.05115556716918945,1,95,38,19,1
RRTConnect,0.020407676696777344,1,100,40,20,1
RRTConnect,0.01767754554748535,1,75,30,15,1
RRTConnect,0.019639015197753906,1,90,36,18,1
RRTConnect,0.03279876708984375,1,100,40,20,1
RRTConnect,0.02621293067932129,1,75,30,15,1
RRTConnect,0.019486665725708008,1,90,36,18,1
RRTConnect,0.03341794013977051,1,95,38,19,1
RRTConnect,0.04530024528503418,1,100,40,20,1
RRTConnect,0.025809049606323242,1,125,50,25,1
RRTConnect,0.02907538414001465,1,80,32,16,1
RRTConnect,0.028730154037475586,1,115,46,23,1
RRTConnect,0.03566479682922363,1,110,44,22,1
RRTConnect,0.02933478355407715,1,125,50,25,1
RRTConnect,0.03254985809326172,1,100,40,20,1
RRTConnect,0.03552389144897461,1,90,36,18,1
RRTConnect,0.03174233436584473,1,115,46,23,1
RRTConnect,0.04090118408203125,1,95,38,19,1
RRTConnect,0.05620694160461426,1,90,36,18,1
RRTConnect,0.026057004928588867,1,125,50,25,1
RRTConnect,0.031790733337402344,1,105,42,21,1
RRTConnect,0.020813465118408203,1,95,38,19,1
RRTConnect,0.03190255165100098,1,80,32,16,1
RRTConnect,0.026610136032104492,1,85,34,17,1
RRTConnect,0.030335426330566406,1,90,36,18,1
RRTConnect,0.028280258178710938,1,85,34,17,1
RRTConnect,0.03511691093444824,1,110,44,22,1
RRTConnect,0.03601264953613281,1,125,50,25,1
RRTConnect,0.03857755661010742,1,120,48,24,1
RRTConnect,0.039771318435668945,1,100,40,20,1
RRTConnect,0.028747081756591797,1,90,36,18,1
RRTConnect,0.03679656982421875,1,105,42,21,1
RRTConnect,0.02647566795349121,1,100,40,20,1
RRTConnect,0.03511762619018555,1,125,50,25,1
RRTConnect,0.032526254653930664,1,100,40,20,1
RRTConnect,0.02615070343017578,1,80,32,16,1
RRTConnect,0.022431135177612305,1,115,46,23,1
RRTConnect,0.033022165298461914,1,90,36,18,1
