planner_name,planning_time,attempts,states_explored,node_count,tree_depth,success
RRTConnect,0.16698384284973145,1,100,40,20,1
RRTConnect,0.04018664360046387,1,110,44,22,1
RRTConnect,0.027113676071166992,1,110,44,22,1
RRTConnect,0.03182363510131836,1,115,46,23,1
RRTConnect,0.036581993103027344,1,105,42,21,1
RRTConnect,0.042586565017700195,1,110,44,22,1
RRTConnect,0.02421736717224121,1,90,36,18,1
RRTConnect,0.022313833236694336,1,120,48,24,1
RRTConnect,0.020172119140625,1,115,46,23,1
RRTConnect,0.03506207466125488,1,90,36,18,1
RRTConnect,0.03585457801818848,1,90,36,18,1
RRTConnect,0.04297900199890137,1,100,40,20,1
RRTConnect,0.04741716384887695,1,85,34,17,1
RRTConnect,0.04089665412902832,1,125,50,25,1
RRTConnect,0.030719995498657227,1,95,38,19,1
RRTConnect,0.1503293514251709,1,0,0,0,0
RRTConnect,0.02836441993713379,1,110,44,22,1
RRTConnect,0.032685279846191406,1,95,38,19,1
RRTConnect,0.037592411041259766,1,85,34,17,1
RRTConnect,0.029819488525390625,1,60,24,12,1
RRTConnect,0.03957390785217285,1,90,36,18,1
RRTConnect,0.05849051475524902,1,130,52,26,1
RRTConnect,0.047541141510009766,1,90,36,18,1
RRTConnect,0.03371930122375488,1,95,38,19,1
RRTConnect,0.03929305076599121,1,90,36,18,1
RRTConnect,0.030447721481323242,1,55,22,11,1
RRTConnect,0.021081924438476562,1,90,36,18,1
RRTConnect,0.04178810119628906,1,90,36,18,1
RRTConnect,0.017868757247924805,1,40,16,8,1
RRTConnect,0.030081748962402344,1,120,48,24,1
RRTConnect,0.04793524742126465,1,85,34,17,1
RRTConnect,0.037610530853271484,1,135,54,27,1
RRTConnect,0.03350234031677246,1,85,34,17,1
RRTConnect,0.04004859924316406,1,100,40,20,1
RRTConnect,0.028563976287841797,1,70,28,14,1
RRTConnect,0.021321773529052734,1,105,42,21,1
RRTConnect,0.025206327438354492,1,105,42,21,1
RRTConnect,0.06754827499389648,1,90,36,18,1
RRTConnect,0.05448150634765625,1,80,32,16,1
RRTConnect,0.06791234016418457,1,90,36,18,1
RRTConnect,0.07096076011657715,1,100,40,20,1
RRTConnect,0.06017327308654785,1,100,40,20,1
RRTConnect,0.08306002616882324,1,85,34,17,1
RRTConnect,0.04520750045776367,1,75,30,15,1
RRTConnect,0.07538938522338867,1,115,46,23,1
RRTConnect,0.08102059364318848,1,55,22,11,1
RRTConnect,0.08120131492614746,1,95,38,19,1
RRTConnect,0.05463695526123047,1,95,38,19,1
RRTConnect,0.06868577003479004,1,115,46,23,1
RRTConnect,0.5267844200134277,1,0,0,0,0
RRTConnect,0.029642343521118164,1,100,40,20,1
RRTConnect,0.07007646560668945,1,95,38,19,1
RRTConnect,0.04982113838195801,1,105,42,21,1
RRTConnect,0.05656766891479492,1,90,36,18,1
RRTConnect,0.043584585189819336,1,85,34,17,1
RRTConnect,0.03395366668701172,1,100,40,20,1
RRTConnect,0.04527759552001953,1,80,32,16,1
RRTConnect,0.03761744499206543,1,100,40,20,1
RRTConnect,0.035711050033569336,1,90,36,18,1
RRTConnect,0.049372196197509766,1,95,38,19,1
RRTConnect,0.038039445877075195,1,100,40,20,1
RRTConnect,0.031960487365722656,1,85,34,17,1
RRTConnect,0.05906224250793457,1,65,26,13,1
RRTConnect,0.03136634826660156,1,95,38,19,1
RRTConnect,0.03393125534057617,1,115,46,23,1
RRTConnect,0.04614973068237305,1,90,36,18,1
RRTConnect,0.04529166221618652,1,105,42,21,1
RRTConnect,0.02673029899597168,1,85,34,17,1
RRTConnect,0.05772995948791504,1,95,38,19,1
RRTConnect,0.06859993934631348,1,125,50,25,1
RRTConnect,0.05939173698425293,1,85,34,17,1
RRTConnect,0.12175250053405762,1,85,34,17,1
RRTConnect,0.09866762161254883,1,90,36,18,1
RRTConnect,0.07119011878967285,1,105,42,21,1
RRTConnect,0.12212562561035156,1,115,46,23,1
RRTConnect,0.10137104988098145,1,130,52,26,1
RRTConnect,0.09848165512084961,1,100,40,20,1
RRTConnect,0.07208418846130371,1,80,32,16,1
RRTConnect,0.12732362747192383,1,120,48,24,1
RRTConnect,0.05114555358886719,1,90,36,18,1
RRTConnect,0.3358747959136963,1,0,0,0,0
RRTConnect,0.05590486526489258,1,90,36,18,1
RRTConnect,0.07607531547546387,1,80,32,16,1
RRTConnect,0.07553887367248535,1,85,34,17,1
RRTConnect,0.06702065467834473,1,80,32,16,1
RRTConnect,0.05516624450683594,1,90,36,18,1
RRTConnect,0.07908463478088379,1,95,38,19,1
RRTConnect,0.04811525344848633,1,85,34,17,1
RRTConnect,0.07091879844665527,1,125,50,25,1
RRTConnect,0.0734410285949707,1,90,36,18,1
RRTConnect,0.04282331466674805,1,95,38,19,1
RRTConnect,0.039374589920043945,1,105,42,21,1
RRTConnect,0.04735517501831055,1,90,36,18,1
RRTConnect,0.05008959770202637,1,65,26,13,1
RRTConnect,0.030351877212524414,1,85,34,17,1
RRTConnect,0.04569077491760254,1,70,28,14,1
RRTConnect,0.0679924488067627,1,120,48,24,1
RRTConnect,0.042173147201538086,1,120,48,24,1
RRTConnect,0.04926323890686035,1,90,36,18,1
RRTConnect,0.05536222457885742,1,115,46,23,1
RRTConnect,0.05397152900695801,1,110,44,22,1
RRTConnect,0.06734776496887207,1,105,42,21,1
RRTConnect,0.05801129341125488,1,130,52,26,1
RRTConnect,0.059645891189575195,1,90,36,18,1
RRTConnect,0.053191184997558594,1,115,46,23,1
RRTConnect,0.025501012802124023,1,95,38,19,1
RRTConnect,1.5652766227722168,1,0,0,0,0
RRTConnect,0.05587410926818848,1,120,48,24,1
RRTConnect,0.044532060623168945,1,85,34,17,1
RRTConnect,0.03206276893615723,1,60,24,12,1
RRTConnect,0.12750530242919922,1,0,0,0,0
RRTConnect,0.28700947761535645,1,0,0,0,0
RRTConnect,0.09104394912719727,1,85,34,17,1
RRTConnect,0.09775280952453613,1,125,50,25,1
RRTConnect,0.06308984756469727,1,90,36,18,1
RRTConnect,0.04876995086669922,1,90,36,18,1
RRTConnect,0.03473401069641113,1,110,44,22,1
RRTConnect,0.03822016716003418,1,105,42,21,1
RRTConnect,0.03886532783508301,1,90,36,18,1
RRTConnect,0.03742408752441406,1,90,36,18,1
RRTConnect,0.15261173248291016,1,0,0,0,0
RRTConnect,0.024570941925048828,1,85,34,17,1
RRTConnect,0.04353761672973633,1,105,42,21,1
RRTConnect,0.052959442138671875,1,105,42,21,1
RRTConnect,0.05016946792602539,1,95,38,19,1
RRTConnect,0.14569664001464844,1,0,0,0,0
RRTConnect,0.03750014305114746,1,115,46,23,1
RRTConnect,0.04692554473876953,1,90,36,18,1
RRTConnect,0.025702953338623047,1,80,32,16,1
RRTConnect,0.054309844970703125,1,130,52,26,1
RRTConnect,0.03096151351928711,1,120,48,24,1
RRTConnect,0.051734209060668945,1,80,32,16,1
RRTConnect,0.05000805854797363,1,115,46,23,1
RRTConnect,0.05153012275695801,1,130,52,26,1
RRTConnect,0.05623936653137207,1,130,52,26,1
RRTConnect,0.04862499237060547,1,90,36,18,1
RRTConnect,0.04851865768432617,1,80,32,16,1
RRTConnect,0.0493464469909668,1,90,36,18,1
RRTConnect,0.04391169548034668,1,80,32,16,1
RRTConnect,0.04613661766052246,1,110,44,22,1
RRTConnect,0.05491995811462402,1,130,52,26,1
RRTConnect,0.06868815422058105,1,90,36,18,1
RRTConnect,0.047365665435791016,1,65,26,13,1
RRTConnect,0.03549361228942871,1,110,44,22,1
RRTConnect,0.053774118423461914,1,110,44,22,1
RRTConnect,0.04484295845031738,1,110,44,22,1
RRTConnect,0.05427908897399902,1,120,48,24,1
RRTConnect,0.037116289138793945,1,85,34,17,1
RRTConnect,0.3812217712402344,1,0,0,0,0
RRTConnect,0.03158402442932129,1,75,30,15,1
RRTConnect,0.04267144203186035,1,90,36,18,1
RRTConnect,0.047434329986572266,1,120,48,24,1
RRTConnect,0.04160928726196289,1,75,30,15,1
RRTConnect,0.0440671443939209,1,110,44,22,1
RRTConnect,0.04958796501159668,1,105,42,21,1
RRTConnect,0.04724836349487305,1,120,48,24,1
RRTConnect,0.030766010284423828,1,85,34,17,1
RRTConnect,0.043205976486206055,1,95,38,19,1
RRTConnect,0.041042327880859375,1,130,52,26,1
RRTConnect,0.041007280349731445,1,85,34,17,1
RRTConnect,0.07251381874084473,1,0,0,0,0
RRTConnect,0.04107499122619629,1,95,38,19,1
RRTConnect,0.048331499099731445,1,115,46,23,1
RRTConnect,0.03827977180480957,1,115,46,23,1
RRTConnect,0.03390622138977051,1,105,42,21,1
RRTConnect,0.03645014762878418,1,125,50,25,1
RRTConnect,0.055206298828125,1,85,34,17,1
RRTConnect,0.04477190971374512,1,120,48,24,1
RRTConnect,0.0598294734954834,1,100,40,20,1
RRTConnect,0.041803836822509766,1,105,42,21,1
RRTConnect,0.040670156478881836,1,125,50,25,1
RRTConnect,0.057749271392822266,1,130,52,26,1
RRTConnect,0.036153554916381836,1,95,38,19,1
RRTConnect,0.05832624435424805,1,105,42,21,1
RRTConnect,0.04066610336303711,1,130,52,26,1
RRTConnect,0.06283402442932129,1,110,44,22,1
RRTConnect,0.038393497467041016,1,75,30,15,1
RRTConnect,0.04107975959777832,1,75,30,15,1
RRTConnect,0.0388638973236084,1,95,38,19,1
RRTConnect,0.04808640480041504,1,125,50,25,1
RRTConnect,0.034813642501831055,1,120,48,24,1
RRTConnect,0.036208391189575195,1,85,34,17,1
RRTConnect,0.03603696823120117,1,90,36,18,1
RRTConnect,0.03797554969787598,1,80,32,16,1
RRTConnect,0.046640634536743164,1,95,38,19,1
RRTConnect,0.044225215911865234,1,120,48,24,1
RRTConnect,0.06487011909484863,1,125,50,25,1
RRTConnect,0.11666488647460938,1,130,52,26,1
RRTConnect,0.0720987319946289,1,95,38,19,1
RRTConnect,0.07756662368774414,1,125,50,25,1
RRTConnect,0.05847644805908203,1,90,36,18,1
RRTConnect,0.10152649879455566,1,95,38,19,1
RRTConnect,0.1093289852142334,1,110,44,22,1
RRTConnect,0.16208791732788086,1,110,44,22,1
RRTConnect,0.13094401359558105,1,85,34,17,1
RRTConnect,0.12212634086608887,1,80,32,16,1
RRTConnect,0.12279105186462402,1,75,30,15,1
RRTConnect,0.12211799621582031,1,110,44,22,1
RRTConnect,0.06038403511047363,1,90,36,18,1
RRTConnect,0.09700632095336914,1,120,48,24,1
RRTConnect,0.1139364242553711,1,90,36,18,1
RRTConnect,0.06832742691040039,1,95,38,19,1
RRTConnect,0.09609699249267578,1,105,42,21,1
RRTConnect,0.05088925361633301,1,90,36,18,1
RRTConnect,0.08344626426696777,1,130,52,26,1
RRTConnect,0.057790517807006836,1,105,42,21,1
RRTConnect,0.06578230857849121,1,130,52,26,1
RRTConnect,0.21943259239196777,1,0,0,0,0
RRTConnect,0.03896617889404297,1,125,50,25,1
RRTConnect,1.0719232559204102,1,0,0,0,0
RRTConnect,0.08689045906066895,1,60,24,12,1
RRTConnect,0.08533740043640137,1,95,38,19,1
RRTConnect,0.06644344329833984,1,75,30,15,1
RRTConnect,0.05497550964355469,1,65,26,13,1
RRTConnect,0.06843757629394531,1,120,48,24,1
RRTConnect,0.07805681228637695,1,90,36,18,1
RRTConnect,0.04788708686828613,1,95,38,19,1
RRTConnect,0.0398252010345459,1,70,28,14,1
RRTConnect,0.03988361358642578,1,115,46,23,1
RRTConnect,0.06569766998291016,1,75,30,15,1
RRTConnect,0.06467676162719727,1,90,36,18,1
RRTConnect,0.05517172813415527,1,95,38,19,1
RRTConnect,0.06276154518127441,1,125,50,25,1
RRTConnect,0.0607905387878418,1,85,34,17,1
RRTConnect,0.08134317398071289,1,120,48,24,1
RRTConnect,0.06009626388549805,1,80,32,16,1
RRTConnect,0.05976295471191406,1,105,42,21,1
RRTConnect,0.04633951187133789,1,100,40,20,1
RRTConnect,0.0358433723449707,1,60,24,12,1
RRTConnect,0.06647682189941406,1,115,46,23,1
RRTConnect,0.04864621162414551,1,105,42,21,1
RRTConnect,0.07148861885070801,1,105,42,21,1
RRTConnect,0.06992745399475098,1,105,42,21,1
RRTConnect,0.06630086898803711,1,95,38,19,1
RRTConnect,0.08510112762451172,1,120,48,24,1
RRTConnect,0.0443875789642334,1,90,36,18,1
RRTConnect,0.043700218200683594,1,70,28,14,1
RRTConnect,0.06753158569335938,1,90,36,18,1
RRTConnect,0.046517372131347656,1,95,38,19,1
RRTConnect,0.03685951232910156,1,80,32,16,1
RRTConnect,0.09419369697570801,1,0,0,0,0
RRTConnect,0.055040836334228516,1,95,38,19,1
RRTConnect,0.1062309741973877,1,80,32,16,1
RRTConnect,0.11085820198059082,1,120,48,24,1
RRTConnect,0.10371136665344238,1,130,52,26,1
RRTConnect,0.9074010848999023,1,0,0,0,0
RRTConnect,0.04242992401123047,1,70,28,14,1
RRTConnect,0.06662344932556152,1,120,48,24,1
RRTConnect,0.060843706130981445,1,120,48,24,1
RRTConnect,0.09171843528747559,1,100,40,20,1
RRTConnect,0.060190439224243164,1,100,40,20,1
RRTConnect,0.04433465003967285,1,90,36,18,1
RRTConnect,0.093048095703125,1,90,36,18,1
RRTConnect,0.058667659759521484,1,125,50,25,1
RRTConnect,0.04101157188415527,1,90,36,18,1
RRTConnect,0.059339046478271484,1,90,36,18,1
RRTConnect,0.040671348571777344,1,105,42,21,1
RRTConnect,0.044831037521362305,1,105,42,21,1
RRTConnect,0.06428766250610352,1,90,36,18,1
RRTConnect,0.07820463180541992,1,95,38,19,1
RRTConnect,0.041124582290649414,1,100,40,20,1
RRTConnect,0.0648648738861084,1,85,34,17,1
RRTConnect,0.07485270500183105,1,120,48,24,1
RRTConnect,0.0755457878112793,1,120,48,24,1
RRTConnect,0.06484675407409668,1,110,44,22,1
RRTConnect,0.06604409217834473,1,105,42,21,1
RRTConnect,0.052353620529174805,1,115,46,23,1
RRTConnect,0.060149192810058594,1,130,52,26,1
RRTConnect,0.05887031555175781,1,100,40,20,1
RRTConnect,0.05811905860900879,1,110,44,22,1
RRTConnect,0.06779909133911133,1,75,30,15,1
RRTConnect,0.036102294921875,1,115,46,23,1
RRTConnect,0.04537081718444824,1,110,44,22,1
RRTConnect,0.03692317008972168,1,105,42,21,1
RRTConnect,0.03742718696594238,1,80,32,16,1
RRTConnect,0.04689955711364746,1,120,48,24,1
RRTConnect,0.04869556427001953,1,95,38,19,1
RRTConnect,0.0384516716003418,1,95,38,19,1
RRTConnect,0.026256799697875977,1,100,40,20,1
RRTConnect,0.04240155220031738,1,90,36,18,1
RRTConnect,0.038988351821899414,1,130,52,26,1
RRTConnect,0.07406997680664062,1,120,48,24,1
RRTConnect,0.025679588317871094,1,80,32,16,1
RRTConnect,0.06098508834838867,1,100,40,20,1
RRTConnect,0.041924476623535156,1,90,36,18,1
RRTConnect,0.0435175895690918,1,90,36,18,1
RRTConnect,0.0477147102355957,1,80,32,16,1
RRTConnect,0.03278946876525879,1,95,38,19,1
RRTConnect,0.05140089988708496,1,120,48,24,1
RRTConnect,0.051500797271728516,1,110,44,22,1
RRTConnect,0.04252886772155762,1,80,32,16,1
RRTConnect,0.02710127830505371,1,90,36,18,1
RRTConnect,0.0514988899230957,1,70,28,14,1
RRTConnect,0.048685550689697266,1,115,46,23,1
RRTConnect,0.23618793487548828,1,0,0,0,0
RRTConnect,0.021596193313598633,1,110,44,22,1
RRTConnect,0.06170392036437988,1,110,44,22,1
RRTConnect,0.048197031021118164,1,105,42,21,1
RRTConnect,0.030537128448486328,1,90,36,18,1
RRTConnect,0.07468676567077637,1,120,48,24,1
RRTConnect,0.041040897369384766,1,120,48,24,1
RRTConnect,0.024868488311767578,1,110,44,22,1
RRTConnect,0.05124545097351074,1,100,40,20,1
RRTConnect,0.036090850830078125,1,100,40,20,1
RRTConnect,0.04033017158508301,1,60,24,12,1
RRTConnect,0.03082418441772461,1,95,38,19,1
RRTConnect,0.07633280754089355,1,0,0,0,0
RRTConnect,0.02982616424560547,1,85,34,17,1
RRTConnect,0.05011248588562012,1,115,46,23,1
RRTConnect,0.03847789764404297,1,125,50,25,1
RRTConnect,0.025314807891845703,1,70,28,14,1
RRTConnect,0.0525822639465332,1,125,50,25,1
RRTConnect,0.03875875473022461,1,85,34,17,1
RRTConnect,0.04247879981994629,1,95,38,19,1
RRTConnect,0.04000210762023926,1,90,36,18,1
RRTConnect,0.0768895149230957,1,85,34,17,1
RRTConnect,0.04113602638244629,1,95,38,19,1
RRTConnect,0.04007601737976074,1,80,32,16,1
RRTConnect,0.038518428802490234,1,105,42,21,1
RRTConnect,0.054906368255615234,1,65,26,13,1
RRTConnect,0.05034947395324707,1,95,38,19,1
RRTConnect,0.036332130432128906,1,105,42,21,1
RRTConnect,0.029004812240600586,1,95,38,19,1
RRTConnect,0.04330134391784668,1,100,40,20,1
RRTConnect,0.04126691818237305,1,130,52,26,1
RRTConnect,0.05395650863647461,1,100,40,20,1
RRTConnect,0.05144381523132324,1,90,36,18,1
RRTConnect,0.04265785217285156,1,110,44,22,1
RRTConnect,0.04641842842102051,1,85,34,17,1
RRTConnect,0.05732154846191406,1,115,46,23,1
RRTConnect,0.022294044494628906,1,115,46,23,1
RRTConnect,0.061452627182006836,1,85,34,17,1
RRTConnect,0.04765129089355469,1,90,36,18,1
RRTConnect,0.0451352596282959,1,65,26,13,1
RRTConnect,0.03303790092468262,1,90,36,18,1
RRTConnect,0.056311845779418945,1,125,50,25,1
RRTConnect,0.05915069580078125,1,85,34,17,1
RRTConnect,0.05753278732299805,1,80,32,16,1
RRTConnect,0.9967124462127686,1,105,42,21,1
RRTConnect,0.12839555740356445,1,100,40,20,1
RRTConnect,-1.9076542854309082,1,0,0,0,0
RRTConnect,0.04265952110290527,1,60,24,12,1
RRTConnect,0.06057024002075195,1,95,38,19,1
RRTConnect,0.049431562423706055,1,110,44,22,1
RRTConnect,0.14164400100708008,1,85,34,17,1
RRTConnect,0.14826130867004395,1,120,48,24,1
RRTConnect,0.12433934211730957,1,130,52,26,1
RRTConnect,0.11979389190673828,1,120,48,24,1
RRTConnect,0.09324884414672852,1,100,40,20,1
RRTConnect,0.14412450790405273,1,130,52,26,1
RRTConnect,0.08913850784301758,1,100,40,20,1
RRTConnect,0.14135527610778809,1,80,32,16,1
RRTConnect,0.14254426956176758,1,130,52,26,1
RRTConnect,0.06607723236083984,1,70,28,14,1
RRTConnect,0.12962031364440918,1,80,32,16,1
RRTConnect,0.08505010604858398,1,60,24,12,1
RRTConnect,0.09534597396850586,1,95,38,19,1
RRTConnect,0.08550786972045898,1,120,48,24,1
RRTConnect,0.06442952156066895,1,125,50,25,1
RRTConnect,0.0577242374420166,1,60,24,12,1
RRTConnect,0.049833059310913086,1,130,52,26,1
RRTConnect,0.7599620819091797,1,0,0,0,0
RRTConnect,0.03794693946838379,1,90,36,18,1
RRTConnect,0.024898290634155273,1,90,36,18,1
RRTConnect,0.059082984924316406,1,90,36,18,1
RRTConnect,0.044309139251708984,1,125,50,25,1
RRTConnect,0.05825090408325195,1,75,30,15,1
RRTConnect,0.6801578998565674,1,0,0,0,0
RRTConnect,0.14726591110229492,1,95,38,19,1
RRTConnect,0.08012700080871582,1,95,38,19,1
RRTConnect,0.09807085990905762,1,85,34,17,1
RRTConnect,0.08538198471069336,1,110,44,22,1
RRTConnect,0.04402732849121094,1,85,34,17,1
RRTConnect,0.08137202262878418,1,105,42,21,1
RRTConnect,0.04880833625793457,1,125,50,25,1
RRTConnect,0.059417009353637695,1,90,36,18,1
RRTConnect,0.0530247688293457,1,110,44,22,1
RRTConnect,0.06286883354187012,1,100,40,20,1
RRTConnect,0.06512737274169922,1,65,26,13,1
RRTConnect,0.04202914237976074,1,85,34,17,1
RRTConnect,0.05761432647705078,1,125,50,25,1
RRTConnect,0.05222606658935547,1,115,46,23,1
RRTConnect,0.04958629608154297,1,75,30,15,1
RRTConnect,0.048670053482055664,1,130,52,26,1
RRTConnect,0.22951674461364746,1,0,0,0,0
RRTConnect,0.06060290336608887,1,105,42,21,1
RRTConnect,0.0428776741027832,1,130,52,26,1
RRTConnect,0.1347675323486328,1,0,0,0,0
RRTConnect,0.0488133430480957,1,90,36,18,1
RRTConnect,0.04499077796936035,1,125,50,25,1
RRTConnect,0.03917074203491211,1,90,36,18,1
RRTConnect,0.03916478157043457,1,95,38,19,1
RRTConnect,0.02005481719970703,1,70,28,14,1
RRTConnect,0.04258084297180176,1,120,48,24,1
RRTConnect,0.04700756072998047,1,120,48,24,1
RRTConnect,0.03004741668701172,1,90,36,18,1
RRTConnect,0.035001277923583984,1,85,34,17,1
RRTConnect,0.04320693016052246,1,85,34,17,1
RRTConnect,0.04720783233642578,1,110,44,22,1
RRTConnect,0.045752763748168945,1,110,44,22,1
RRTConnect,0.03924393653869629,1,75,30,15,1
RRTConnect,0.023743867874145508,1,120,48,24,1
RRTConnect,0.32308363914489746,1,0,0,0,0
RRTConnect,0.04329514503479004,1,110,44,22,1
RRTConnect,0.19819164276123047,1,0,0,0,0
RRTConnect,0.01784372329711914,1,100,40,20,1
RRTConnect,0.04326581954956055,1,90,36,18,1
RRTConnect,0.03426218032836914,1,75,30,15,1
RRTConnect,0.030872344970703125,1,125,50,25,1
RRTConnect,0.03229188919067383,1,50,20,10,1
RRTConnect,0.041100502014160156,1,120,48,24,1
RRTConnect,0.025010108947753906,1,125,50,25,1
RRTConnect,0.04919719696044922,1,110,44,22,1
RRTConnect,0.05945730209350586,1,105,42,21,1
RRTConnect,0.034491777420043945,1,85,34,17,1
RRTConnect,0.03139829635620117,1,105,42,21,1
RRTConnect,0.03598284721374512,1,125,50,25,1
RRTConnect,0.04633212089538574,1,95,38,19,1
RRTConnect,0.03744006156921387,1,90,36,18,1
RRTConnect,0.030126094818115234,1,90,36,18,1
RRTConnect,0.03481793403625488,1,100,40,20,1
RRTConnect,0.4667961597442627,1,0,0,0,0
RRTConnect,0.04073834419250488,1,100,40,20,1
RRTConnect,0.030029296875,1,100,40,20,1
RRTConnect,0.03705430030822754,1,110,44,22,1
RRTConnect,0.026430368423461914,1,80,32,16,1
RRTConnect,0.04123091697692871,1,105,42,21,1
RRTConnect,0.03216671943664551,1,95,38,19,1
RRTConnect,0.057589054107666016,1,120,48,24,1
RRTConnect,0.0430910587310791,1,90,36,18,1
RRTConnect,0.035819292068481445,1,95,38,19,1
RRTConnect,0.03837990760803223,1,80,32,16,1
RRTConnect,0.08372187614440918,1,0,0,0,0
RRTConnect,0.023653507232666016,1,90,36,18,1
RRTConnect,0.05213165283203125,1,75,30,15,1
RRTConnect,0.04356050491333008,1,100,40,20,1
RRTConnect,0.02895379066467285,1,130,52,26,1
RRTConnect,0.04558420181274414,1,95,38,19,1
RRTConnect,0.02898097038269043,1,115,46,23,1
RRTConnect,0.02168869972229004,1,70,28,14,1
RRTConnect,0.042981863021850586,1,120,48,24,1
RRTConnect,0.03973960876464844,1,90,36,18,1
RRTConnect,0.04970121383666992,1,95,38,19,1
RRTConnect,0.03251004219055176,1,125,50,25,1
RRTConnect,0.049254655838012695,1,120,48,24,1
RRTConnect,0.04246377944946289,1,100,40,20,1
RRTConnect,0.06042027473449707,1,95,38,19,1
RRTConnect,0.03851461410522461,1,125,50,25,1
RRTConnect,0.024958133697509766,1,95,38,19,1
RRTConnect,0.05210280418395996,1,130,52,26,1
RRTConnect,0.05901980400085449,1,95,38,19,1
RRTConnect,0.03802323341369629,1,95,38,19,1
RRTConnect,0.04250526428222656,1,125,50,25,1
RRTConnect,0.04787588119506836,1,120,48,24,1
RRTConnect,0.038311004638671875,1,90,36,18,1
RRTConnect,0.04322004318237305,1,95,38,19,1
RRTConnect,0.045410871505737305,1,110,44,22,1
RRTConnect,0.03987717628479004,1,115,46,23,1
RRTConnect,0.04013657569885254,1,90,36,18,1
RRTConnect,0.03065037727355957,1,110,44,22,1
RRTConnect,0.03923916816711426,1,100,40,20,1
RRTConnect,0.05105733871459961,1,85,34,17,1
RRTConnect,0.0720818042755127,1,130,52,26,1
RRTConnect,1.0357460975646973,1,0,0,0,0
RRTConnect,0.06107187271118164,1,85,34,17,1
RRTConnect,0.20320987701416016,1,0,0,0,0
RRTConnect,0.041930437088012695,1,95,38,19,1
RRTConnect,0.05321955680847168,1,95,38,19,1
RRTConnect,0.04948568344116211,1,75,30,15,1
RRTConnect,0.0596318244934082,1,90,36,18,1
RRTConnect,0.03429245948791504,1,75,30,15,1
RRTConnect,0.05041146278381348,1,120,48,24,1
RRTConnect,0.041950225830078125,1,110,44,22,1
RRTConnect,0.038526296615600586,1,130,52,26,1
RRTConnect,0.05097007751464844,1,100,40,20,1
RRTConnect,0.05372357368469238,1,90,36,18,1
RRTConnect,0.05979299545288086,1,90,36,18,1
RRTConnect,0.09036493301391602,1,110,44,22,1
RRTConnect,0.042832374572753906,1,95,38,19,1
RRTConnect,0.03796529769897461,1,130,52,26,1
RRTConnect,0.04595661163330078,1,125,50,25,1
RRTConnect,0.036969661712646484,1,110,44,22,1
RRTConnect,0.12209320068359375,1,115,46,23,1
RRTConnect,0.08624815940856934,1,105,42,21,1
RRTConnect,0.12807178497314453,1,115,46,23,1
RRTConnect,0.14977741241455078,1,90,36,18,1
RRTConnect,0.11877131462097168,1,85,34,17,1
RRTConnect,0.05518293380737305,1,75,30,15,1
RRTConnect,0.06992936134338379,1,90,36,18,1
RRTConnect,1.916353464126587,1,0,0,0,0
RRTConnect,0.039544105529785156,1,130,52,26,1
RRTConnect,0.06226158142089844,1,85,34,17,1
RRTConnect,0.05424380302429199,1,85,34,17,1
RRTConnect,2.0295238494873047,1,0,0,0,0
RRTConnect,0.05106711387634277,1,130,52,26,1
RRTConnect,0.056375980377197266,1,90,36,18,1
RRTConnect,0.34328293800354004,1,0,0,0,0
RRTConnect,0.1615428924560547,1,0,0,0,0
RRTConnect,0.038138628005981445,1,100,40,20,1
RRTConnect,0.04580974578857422,1,105,42,21,1
RRTConnect,0.04199624061584473,1,115,46,23,1
RRTConnect,0.03731393814086914,1,70,28,14,1
RRTConnect,0.06914782524108887,1,125,50,25,1
RRTConnect,0.045159101486206055,1,110,44,22,1
RRTConnect,0.029751062393188477,1,70,28,14,1
RRTConnect,0.037812232971191406,1,130,52,26,1
RRTConnect,0.034740447998046875,1,95,38,19,1
RRTConnect,0.03921103477478027,1,125,50,25,1
RRTConnect,0.06726813316345215,1,115,46,23,1
RRTConnect,0.04214787483215332,1,105,42,21,1
RRTConnect,0.5666165351867676,1,0,0,0,0
RRTConnect,0.0360262393951416,1,80,32,16,1
RRTConnect,0.05494284629821777,1,95,38,19,1
RRTConnect,0.030079364776611328,1,70,28,14,1
RRTConnect,0.03745770454406738,1,130,52,26,1
RRTConnect,0.0749368667602539,1,105,42,21,1
RRTConnect,0.05053877830505371,1,105,42,21,1
RRTConnect,0.05286717414855957,1,125,50,25,1
RRTConnect,0.04477882385253906,1,105,42,21,1
RRTConnect,0.04424405097961426,1,80,32,16,1
RRTConnect,0.040685176849365234,1,90,36,18,1
RRTConnect,0.06974911689758301,1,120,48,24,1
RRTConnect,0.05613422393798828,1,90,36,18,1
RRTConnect,0.037854671478271484,1,80,32,16,1
RRTConnect,0.05068850517272949,1,95,38,19,1
RRTConnect,0.01765584945678711,1,80,32,16,1
RRTConnect,0.027824878692626953,1,100,40,20,1
RRTConnect,0.049131155014038086,1,50,20,10,1
RRTConnect,0.04405832290649414,1,105,42,21,1
RRTConnect,0.05843997001647949,1,130,52,26,1
RRTConnect,0.04348254203796387,1,105,42,21,1
RRTConnect,0.04300737380981445,1,125,50,25,1
RRTConnect,0.052596092224121094,1,105,42,21,1
RRTConnect,0.029591083526611328,1,90,36,18,1
RRTConnect,0.03742051124572754,1,110,44,22,1
RRTConnect,0.06783342361450195,1,105,42,21,1
RRTConnect,0.03489398956298828,1,90,36,18,1
RRTConnect,0.054144859313964844,1,95,38,19,1
RRTConnect,0.03289937973022461,1,70,28,14,1
RRTConnect,0.04381060600280762,1,110,44,22,1
RRTConnect,0.03279542922973633,1,75,30,15,1
RRTConnect,0.7484781742095947,1,0,0,0,0
RRTConnect,0.03337979316711426,1,75,30,15,1
RRTConnect,0.055620431900024414,1,110,44,22,1
RRTConnect,0.04861712455749512,1,105,42,21,1
RRTConnect,0.03873300552368164,1,130,52,26,1
RRTConnect,0.1282789707183838,1,125,50,25,1
RRTConnect,0.055168867111206055,1,125,50,25,1
RRTConnect,0.08821749687194824,1,100,40,20,1
RRTConnect,0.2163219451904297,1,90,36,18,1
RRTConnect,0.13655805587768555,1,95,38,19,1
RRTConnect,0.07203030586242676,1,110,44,22,1
RRTConnect,0.08328580856323242,1,100,40,20,1
RRTConnect,0.10460758209228516,1,125,50,25,1
RRTConnect,0.07596921920776367,1,85,34,17,1
RRTConnect,0.07771539688110352,1,90,36,18,1
RRTConnect,0.07288932800292969,1,95,38,19,1
RRTConnect,0.044379234313964844,1,70,28,14,1
RRTConnect,0.09094810485839844,1,75,30,15,1
RRTConnect,0.08768892288208008,1,85,34,17,1
RRTConnect,0.048578500747680664,1,80,32,16,1
RRTConnect,0.06387925148010254,1,60,24,12,1
RRTConnect,0.09839677810668945,1,90,36,18,1
RRTConnect,0.08837771415710449,1,95,38,19,1
RRTConnect,0.05957913398742676,1,130,52,26,1
RRTConnect,0.05066680908203125,1,70,28,14,1
RRTConnect,0.04273533821105957,1,110,44,22,1
RRTConnect,0.05309128761291504,1,105,42,21,1
RRTConnect,0.036060333251953125,1,110,44,22,1
RRTConnect,0.07471060752868652,1,130,52,26,1
RRTConnect,0.04784870147705078,1,75,30,15,1
RRTConnect,0.06520867347717285,1,100,40,20,1
RRTConnect,0.04699087142944336,1,110,44,22,1
RRTConnect,0.05016493797302246,1,75,30,15,1
RRTConnect,0.052451133728027344,1,105,42,21,1
RRTConnect,0.06483650207519531,1,130,52,26,1
RRTConnect,0.12011981010437012,1,95,38,19,1
RRTConnect,0.10859084129333496,1,100,40,20,1
RRTConnect,0.09042835235595703,1,95,38,19,1
RRTConnect,0.10113358497619629,1,105,42,21,1
RRTConnect,0.14754104614257812,1,120,48,24,1
RRTConnect,0.07522726058959961,1,95,38,19,1
RRTConnect,0.08001708984375,1,75,30,15,1
RRTConnect,0.10372352600097656,1,105,42,21,1
RRTConnect,0.08919930458068848,1,125,50,25,1
RRTConnect,0.08767366409301758,1,115,46,23,1
RRTConnect,0.0760183334350586,1,100,40,20,1
RRTConnect,0.10448551177978516,1,95,38,19,1
RRTConnect,0.049205780029296875,1,100,40,20,1
RRTConnect,0.08451247215270996,1,130,52,26,1
RRTConnect,0.10218048095703125,1,125,50,25,1
RRTConnect,0.10166811943054199,1,125,50,25,1
RRTConnect,0.10448050498962402,1,95,38,19,1
RRTConnect,0.51344895362854,1,0,0,0,0
RRTConnect,0.04695248603820801,1,120,48,24,1
RRTConnect,0.0845947265625,1,120,48,24,1
RRTConnect,0.07288575172424316,1,85,34,17,1
RRTConnect,0.05278825759887695,1,120,48,24,1
RRTConnect,0.04567384719848633,1,110,44,22,1
RRTConnect,0.04065394401550293,1,105,42,21,1
RRTConnect,0.03203749656677246,1,130,52,26,1
RRTConnect,0.042025089263916016,1,65,26,13,1
RRTConnect,0.04840207099914551,1,85,34,17,1
RRTConnect,0.058020591735839844,1,90,36,18,1
RRTConnect,0.05933213233947754,1,100,40,20,1
RRTConnect,0.044061899185180664,1,115,46,23,1
RRTConnect,0.06793093681335449,1,105,42,21,1
RRTConnect,0.06586956977844238,1,90,36,18,1
RRTConnect,0.06251358985900879,1,110,44,22,1
RRTConnect,0.12037062644958496,1,95,38,19,1
RRTConnect,0.06507253646850586,1,115,46,23,1
RRTConnect,0.058624982833862305,1,95,38,19,1
RRTConnect,0.045694589614868164,1,95,38,19,1
RRTConnect,0.1269395351409912,1,90,36,18,1
RRTConnect,0.08852052688598633,1,50,20,10,1
RRTConnect,0.0919046401977539,1,90,36,18,1
RRTConnect,0.059545040130615234,1,75,30,15,1
RRTConnect,0.36070942878723145,1,0,0,0,0
RRTConnect,0.07659292221069336,1,100,40,20,1
RRTConnect,0.09247565269470215,1,110,44,22,1
RRTConnect,0.06872200965881348,1,90,36,18,1
RRTConnect,0.5057449340820312,1,0,0,0,0
RRTConnect,0.051262855529785156,1,110,44,22,1
RRTConnect,0.05606985092163086,1,100,40,20,1
RRTConnect,0.07246804237365723,1,105,42,21,1
RRTConnect,0.04973340034484863,1,105,42,21,1
RRTConnect,0.056673288345336914,1,90,36,18,1
RRTConnect,0.06901836395263672,1,90,36,18,1
RRTConnect,0.05218029022216797,1,100,40,20,1
RRTConnect,0.0562443733215332,1,95,38,19,1
RRTConnect,0.0707552433013916,1,75,30,15,1
RRTConnect,0.06378793716430664,1,120,48,24,1
RRTConnect,0.057050466537475586,1,95,38,19,1
RRTConnect,0.035860300064086914,1,85,34,17,1
RRTConnect,0.06456637382507324,1,130,52,26,1
RRTConnect,0.05043935775756836,1,90,36,18,1
RRTConnect,0.04851174354553223,1,130,52,26,1
RRTConnect,0.051279306411743164,1,75,30,15,1
RRTConnect,0.055555105209350586,1,100,40,20,1
RRTConnect,0.07435798645019531,1,100,40,20,1
RRTConnect,1.136108636856079,1,0,0,0,0
RRTConnect,0.03202557563781738,1,115,46,23,1
RRTConnect,0.03926730155944824,1,115,46,23,1
RRTConnect,-3.5656614303588867,1,95,38,19,1
RRTConnect,0.0729372501373291,1,125,50,25,1
RRTConnect,0.04504799842834473,1,105,42,21,1
RRTConnect,0.06759119033813477,1,130,52,26,1
RRTConnect,0.04750633239746094,1,115,46,23,1
RRTConnect,0.05609846115112305,1,85,34,17,1
RRTConnect,0.049163103103637695,1,95,38,19,1
RRTConnect,0.04758787155151367,1,95,38,19,1
RRTConnect,0.29525065422058105,1,0,0,0,0
RRTConnect,0.06391501426696777,1,120,48,24,1
RRTConnect,0.04310798645019531,1,95,38,19,1
RRTConnect,0.044625043869018555,1,65,26,13,1
RRTConnect,0.03733420372009277,1,100,40,20,1
RRTConnect,0.0436863899230957,1,95,38,19,1
RRTConnect,0.05233287811279297,1,95,38,19,1
RRTConnect,0.0499730110168457,1,95,38,19,1
RRTConnect,0.05637788772583008,1,105,42,21,1
RRTConnect,0.02886223793029785,1,85,34,17,1
RRTConnect,0.047289133071899414,1,90,36,18,1
RRTConnect,0.04822564125061035,1,100,40,20,1
RRTConnect,0.060553789138793945,1,110,44,22,1
RRTConnect,0.03522610664367676,1,45,18,9,1
RRTConnect,0.05016136169433594,1,115,46,23,1
RRTConnect,0.04508614540100098,1,105,42,21,1
RRTConnect,0.18433475494384766,1,0,0,0,0
RRTConnect,0.050211191177368164,1,90,36,18,1
RRTConnect,0.1041562557220459,1,0,0,0,0
RRTConnect,0.04567265510559082,1,105,42,21,1
RRTConnect,0.050675392150878906,1,115,46,23,1
RRTConnect,0.05527234077453613,1,85,34,17,1
RRTConnect,0.0511469841003418,1,95,38,19,1
RRTConnect,0.02454209327697754,1,85,34,17,1
RRTConnect,0.05142688751220703,1,100,40,20,1
RRTConnect,0.045400142669677734,1,90,36,18,1
RRTConnect,0.04155707359313965,1,85,34,17,1
RRTConnect,0.048309326171875,1,110,44,22,1
RRTConnect,0.07204008102416992,1,125,50,25,1
RRTConnect,0.037422895431518555,1,115,46,23,1
RRTConnect,0.0547637939453125,1,80,32,16,1
RRTConnect,0.06694769859313965,1,110,44,22,1
RRTConnect,0.05051445960998535,1,95,38,19,1
RRTConnect,0.05600142478942871,1,115,46,23,1
RRTConnect,0.04267144203186035,1,110,44,22,1
RRTConnect,0.03735160827636719,1,125,50,25,1
RRTConnect,0.03965044021606445,1,90,36,18,1
RRTConnect,0.09550881385803223,1,100,40,20,1
RRTConnect,0.0986027717590332,1,95,38,19,1
RRTConnect,0.12548279762268066,1,100,40,20,1
RRTConnect,0.09048676490783691,1,85,34,17,1
RRTConnect,0.12111139297485352,1,65,26,13,1
RRTConnect,0.06259369850158691,1,100,40,20,1
RRTConnect,0.1281580924987793,1,90,36,18,1
RRTConnect,0.10800051689147949,1,80,32,16,1
RRTConnect,0.16073250770568848,1,90,36,18,1
RRTConnect,0.11757087707519531,1,100,40,20,1
RRTConnect,0.08787775039672852,1,70,28,14,1
RRTConnect,0.08219361305236816,1,110,44,22,1
RRTConnect,0.10876059532165527,1,110,44,22,1
RRTConnect,0.09805583953857422,1,95,38,19,1
RRTConnect,0.07558298110961914,1,115,46,23,1
RRTConnect,0.05361676216125488,1,100,40,20,1
RRTConnect,0.13462495803833008,1,75,30,15,1
RRTConnect,0.07226824760437012,1,90,36,18,1
RRTConnect,0.10793876647949219,1,115,46,23,1
RRTConnect,0.09891128540039062,1,105,42,21,1
RRTConnect,0.09458136558532715,1,100,40,20,1
RRTConnect,0.07495832443237305,1,105,42,21,1
RRTConnect,0.10486626625061035,1,110,44,22,1
RRTConnect,0.17779231071472168,1,125,50,25,1
RRTConnect,0.22607851028442383,1,125,50,25,1
RRTConnect,0.14777302742004395,1,95,38,19,1
RRTConnect,0.1552579402923584,1,110,44,22,1
RRTConnect,0.06782984733581543,1,85,34,17,1
RRTConnect,0.1440107822418213,1,105,42,21,1
RRTConnect,0.0774075984954834,1,80,32,16,1
RRTConnect,0.11012816429138184,1,120,48,24,1
RRTConnect,0.10437917709350586,1,115,46,23,1
RRTConnect,0.1934216022491455,1,100,40,20,1
RRTConnect,0.10271406173706055,1,100,40,20,1
RRTConnect,0.08797526359558105,1,105,42,21,1
RRTConnect,0.09364676475524902,1,125,50,25,1
RRTConnect,0.07369446754455566,1,85,34,17,1
RRTConnect,0.04126167297363281,1,105,42,21,1
RRTConnect,0.04500126838684082,1,85,34,17,1
RRTConnect,0.07702255249023438,1,110,44,22,1
RRTConnect,0.07013583183288574,1,105,42,21,1
RRTConnect,0.046111106872558594,1,125,50,25,1
RRTConnect,0.0593719482421875,1,95,38,19,1
RRTConnect,0.05084538459777832,1,120,48,24,1
RRTConnect,0.07138848304748535,1,125,50,25,1
RRTConnect,0.05810117721557617,1,125,50,25,1
RRTConnect,0.1008005142211914,1,125,50,25,1
RRTConnect,0.0778493881225586,1,125,50,25,1
RRTConnect,0.05569887161254883,1,120,48,24,1
RRTConnect,0.050031185150146484,1,80,32,16,1
RRTConnect,0.033652305603027344,1,115,46,23,1
RRTConnect,0.0325775146484375,1,80,32,16,1
RRTConnect,0.05600476264953613,1,100,40,20,1
RRTConnect,0.035968780517578125,1,120,48,24,1
RRTConnect,0.04582786560058594,1,130,52,26,1
RRTConnect,0.11026787757873535,1,95,38,19,1
RRTConnect,0.10164761543273926,1,120,48,24,1
RRTConnect,0.12154579162597656,1,110,44,22,1
RRTConnect,0.1131448745727539,1,100,40,20,1
RRTConnect,0.08143305778503418,1,85,34,17,1
RRTConnect,0.27297115325927734,1,0,0,0,0
RRTConnect,0.0641634464263916,1,90,36,18,1
RRTConnect,0.06716609001159668,1,85,34,17,1
RRTConnect,0.11478424072265625,1,100,40,20,1
RRTConnect,0.34708690643310547,1,0,0,0,0
RRTConnect,0.09651064872741699,1,100,40,20,1
RRTConnect,0.10212540626525879,1,120,48,24,1
RRTConnect,0.09053921699523926,1,100,40,20,1
RRTConnect,0.06530594825744629,1,125,50,25,1
RRTConnect,0.8003759384155273,1,0,0,0,0
RRTConnect,0.03967738151550293,1,130,52,26,1
RRTConnect,0.04246115684509277,1,85,34,17,1
RRTConnect,0.04620361328125,1,120,48,24,1
RRTConnect,0.05786013603210449,1,75,30,15,1
RRTConnect,0.04811906814575195,1,130,52,26,1
RRTConnect,0.04066324234008789,1,90,36,18,1
RRTConnect,0.052463531494140625,1,95,38,19,1
RRTConnect,0.05639958381652832,1,95,38,19,1
RRTConnect,0.07944917678833008,1,90,36,18,1
RRTConnect,0.049199819564819336,1,70,28,14,1
RRTConnect,0.046411991119384766,1,130,52,26,1
RRTConnect,0.029329776763916016,1,85,34,17,1
RRTConnect,0.05050396919250488,1,120,48,24,1
RRTConnect,0.030388593673706055,1,90,36,18,1
RRTConnect,0.04977250099182129,1,125,50,25,1
RRTConnect,0.21207618713378906,1,0,0,0,0
RRTConnect,0.03646397590637207,1,85,34,17,1
RRTConnect,0.04805612564086914,1,105,42,21,1
RRTConnect,0.3707544803619385,1,0,0,0,0
RRTConnect,0.06158089637756348,1,95,38,19,1
RRTConnect,0.06500935554504395,1,105,42,21,1
RRTConnect,0.03887152671813965,1,95,38,19,1
RRTConnect,0.04253816604614258,1,130,52,26,1
RRTConnect,0.05113506317138672,1,115,46,23,1
RRTConnect,0.06302094459533691,1,95,38,19,1
RRTConnect,0.04922962188720703,1,95,38,19,1
RRTConnect,0.05681967735290527,1,105,42,21,1
RRTConnect,0.04321146011352539,1,105,42,21,1
RRTConnect,0.06307625770568848,1,90,36,18,1
RRTConnect,0.03998541831970215,1,115,46,23,1
RRTConnect,0.046198368072509766,1,100,40,20,1
RRTConnect,0.056983232498168945,1,125,50,25,1
RRTConnect,0.04224395751953125,1,130,52,26,1
RRTConnect,0.05491375923156738,1,90,36,18,1
RRTConnect,0.8401169776916504,1,0,0,0,0
RRTConnect,0.029258012771606445,1,95,38,19,1
RRTConnect,0.37854552268981934,1,0,0,0,0
RRTConnect,0.04950761795043945,1,80,32,16,1
RRTConnect,0.11148500442504883,1,80,32,16,1
RRTConnect,0.07097315788269043,1,95,38,19,1
RRTConnect,0.07185626029968262,1,115,46,23,1
RRTConnect,0.09556007385253906,1,90,36,18,1
RRTConnect,0.10315537452697754,1,115,46,23,1
RRTConnect,0.13740253448486328,1,100,40,20,1
RRTConnect,0.07021450996398926,1,80,32,16,1
RRTConnect,0.9715785980224609,1,0,0,0,0
RRTConnect,0.045096635818481445,1,100,40,20,1
RRTConnect,0.06691122055053711,1,85,34,17,1
RRTConnect,0.04901933670043945,1,130,52,26,1
RRTConnect,0.04206204414367676,1,95,38,19,1
RRTConnect,0.05626487731933594,1,85,34,17,1
RRTConnect,0.060489654541015625,1,125,50,25,1
RRTConnect,0.08073139190673828,1,105,42,21,1
RRTConnect,0.06760883331298828,1,80,32,16,1
RRTConnect,0.12516093254089355,1,105,42,21,1
RRTConnect,0.18535494804382324,1,115,46,23,1
RRTConnect,0.1179654598236084,1,120,48,24,1
RRTConnect,0.1230776309967041,1,100,40,20,1
RRTConnect,0.12201523780822754,1,80,32,16,1
RRTConnect,0.29013872146606445,1,0,0,0,0
RRTConnect,0.093414306640625,1,95,38,19,1
RRTConnect,0.0873403549194336,1,110,44,22,1
RRTConnect,0.0911104679107666,1,115,46,23,1
RRTConnect,0.09194779396057129,1,125,50,25,1
RRTConnect,0.07893252372741699,1,110,44,22,1
RRTConnect,0.08172464370727539,1,105,42,21,1
RRTConnect,0.07597708702087402,1,115,46,23,1
RRTConnect,0.08598756790161133,1,105,42,21,1
RRTConnect,0.06424760818481445,1,120,48,24,1
RRTConnect,0.09148287773132324,1,120,48,24,1
RRTConnect,0.06429004669189453,1,85,34,17,1
RRTConnect,0.06649589538574219,1,75,30,15,1
RRTConnect,0.053388118743896484,1,100,40,20,1
RRTConnect,0.03818559646606445,1,90,36,18,1
RRTConnect,0.039148569107055664,1,90,36,18,1
RRTConnect,0.05311775207519531,1,95,38,19,1
RRTConnect,0.05618023872375488,1,105,42,21,1
RRTConnect,0.058324337005615234,1,85,34,17,1
RRTConnect,0.05893588066101074,1,120,48,24,1
RRTConnect,0.06796026229858398,1,125,50,25,1
RRTConnect,0.08026552200317383,1,95,38,19,1
RRTConnect,0.04408383369445801,1,125,50,25,1
RRTConnect,0.059745073318481445,1,55,22,11,1
RRTConnect,0.05840754508972168,1,125,50,25,1
RRTConnect,0.043488264083862305,1,90,36,18,1
RRTConnect,0.06670856475830078,1,130,52,26,1
RRTConnect,0.0635833740234375,1,105,42,21,1
RRTConnect,0.05534958839416504,1,95,38,19,1
RRTConnect,0.06650948524475098,1,55,22,11,1
RRTConnect,0.08862018585205078,1,100,40,20,1
RRTConnect,0.03380727767944336,1,80,32,16,1
RRTConnect,0.08922004699707031,1,90,36,18,1
RRTConnect,0.1507575511932373,1,60,24,12,1
RRTConnect,1.152458667755127,1,0,0,0,0
RRTConnect,0.0618891716003418,1,105,42,21,1
RRTConnect,0.05221915245056152,1,80,32,16,1
RRTConnect,0.053881168365478516,1,80,32,16,1
RRTConnect,0.07674884796142578,1,125,50,25,1
RRTConnect,0.06276082992553711,1,95,38,19,1
RRTConnect,0.05583548545837402,1,90,36,18,1
RRTConnect,0.0767509937286377,1,110,44,22,1
RRTConnect,0.05988454818725586,1,90,36,18,1
RRTConnect,0.07307267189025879,1,100,40,20,1
RRTConnect,0.04933357238769531,1,95,38,19,1
RRTConnect,0.051310062408447266,1,80,32,16,1
RRTConnect,0.056775808334350586,1,105,42,21,1
RRTConnect,0.038587331771850586,1,80,32,16,1
RRTConnect,0.07471752166748047,1,115,46,23,1
RRTConnect,0.05626535415649414,1,95,38,19,1
RRTConnect,0.07755470275878906,1,120,48,24,1
RRTConnect,0.04308605194091797,1,100,40,20,1
RRTConnect,0.05963778495788574,1,115,46,23,1
RRTConnect,0.06222081184387207,1,110,44,22,1
RRTConnect,0.05335855484008789,1,90,36,18,1
RRTConnect,0.04800844192504883,1,100,40,20,1
RRTConnect,0.12133288383483887,1,0,0,0,0
RRTConnect,0.04642486572265625,1,125,50,25,1
RRTConnect,0.05378913879394531,1,90,36,18,1
RRTConnect,0.05459237098693848,1,105,42,21,1
RRTConnect,0.0804743766784668,1,110,44,22,1
RRTConnect,0.043340444564819336,1,110,44,22,1
RRTConnect,0.04819226264953613,1,95,38,19,1
RRTConnect,0.04972267150878906,1,100,40,20,1
RRTConnect,0.05733776092529297,1,105,42,21,1
RRTConnect,0.03818917274475098,1,110,44,22,1
RRTConnect,0.041300296783447266,1,90,36,18,1
RRTConnect,0.047740936279296875,1,100,40,20,1
RRTConnect,0.06691265106201172,1,95,38,19,1
RRTConnect,0.06284117698669434,1,130,52,26,1
RRTConnect,0.06779074668884277,1,75,30,15,1
RRTConnect,0.04734683036804199,1,90,36,18,1
RRTConnect,0.0657339096069336,1,90,36,18,1
RRTConnect,0.04828786849975586,1,90,36,18,1
RRTConnect,0.05111289024353027,1,115,46,23,1
RRTConnect,0.042852163314819336,1,95,38,19,1
RRTConnect,0.09069609642028809,1,90,36,18,1
RRTConnect,0.04456043243408203,1,80,32,16,1
RRTConnect,0.14204692840576172,1,0,0,0,0
RRTConnect,0.04919767379760742,1,120,48,24,1
RRTConnect,0.047861337661743164,1,110,44,22,1
RRTConnect,0.04464983940124512,1,100,40,20,1
RRTConnect,0.04465532302856445,1,100,40,20,1
RRTConnect,0.0702354907989502,1,85,34,17,1
RRTConnect,0.05564999580383301,1,125,50,25,1
RRTConnect,0.08101963996887207,1,0,0,0,0
RRTConnect,0.04491090774536133,1,110,44,22,1
RRTConnect,0.04010200500488281,1,90,36,18,1
RRTConnect,0.02865886688232422,1,95,38,19,1
RRTConnect,0.05737566947937012,1,110,44,22,1
RRTConnect,0.041506290435791016,1,70,28,14,1
RRTConnect,0.053109169006347656,1,95,38,19,1
RRTConnect,0.03687477111816406,1,70,28,14,1
RRTConnect,0.04410052299499512,1,90,36,18,1
RRTConnect,0.03578829765319824,1,110,44,22,1
RRTConnect,0.05787920951843262,1,105,42,21,1
RRTConnect,0.0448002815246582,1,90,36,18,1
RRTConnect,0.04958915710449219,1,125,50,25,1
RRTConnect,0.04405832290649414,1,75,30,15,1
RRTConnect,0.04414248466491699,1,90,36,18,1
RRTConnect,0.047392845153808594,1,120,48,24,1
RRTConnect,0.0586400032043457,1,130,52,26,1
RRTConnect,0.047280311584472656,1,90,36,18,1
RRTConnect,0.05992698669433594,1,130,52,26,1
RRTConnect,0.060365915298461914,1,85,34,17,1
RRTConnect,0.037535667419433594,1,70,28,14,1
RRTConnect,0.08082199096679688,1,0,0,0,0
RRTConnect,0.05609560012817383,1,70,28,14,1
RRTConnect,0.07963681221008301,1,130,52,26,1
RRTConnect,0.060814619064331055,1,90,36,18,1
RRTConnect,0.05385446548461914,1,90,36,18,1
RRTConnect,0.04796171188354492,1,80,32,16,1
RRTConnect,0.05730414390563965,1,130,52,26,1
RRTConnect,0.10555148124694824,1,100,40,20,1
RRTConnect,0.0898432731628418,1,85,34,17,1
RRTConnect,0.09697365760803223,1,130,52,26,1
RRTConnect,0.08927774429321289,1,115,46,23,1
RRTConnect,0.8300588130950928,1,0,0,0,0
RRTConnect,0.06009721755981445,1,80,32,16,1
RRTConnect,0.0650184154510498,1,85,34,17,1
RRTConnect,0.09244871139526367,1,110,44,22,1
RRTConnect,0.06389260292053223,1,105,42,21,1
RRTConnect,0.05973196029663086,1,115,46,23,1
RRTConnect,0.05339169502258301,1,120,48,24,1
RRTConnect,0.08461236953735352,1,75,30,15,1
RRTConnect,0.10668087005615234,1,130,52,26,1
RRTConnect,0.06924819946289062,1,115,46,23,1
RRTConnect,0.06038522720336914,1,80,32,16,1
RRTConnect,0.06108570098876953,1,110,44,22,1
RRTConnect,0.06068086624145508,1,105,42,21,1
RRTConnect,0.048696041107177734,1,110,44,22,1
RRTConnect,0.07179546356201172,1,85,34,17,1
RRTConnect,0.04228329658508301,1,110,44,22,1
RRTConnect,0.09444546699523926,1,95,38,19,1
RRTConnect,0.07769322395324707,1,120,48,24,1
RRTConnect,0.09253597259521484,1,130,52,26,1
RRTConnect,0.08902692794799805,1,95,38,19,1
RRTConnect,0.06997013092041016,1,100,40,20,1
RRTConnect,0.49527597427368164,1,0,0,0,0
RRTConnect,1.7161226272583008,1,0,0,0,0
RRTConnect,0.03487825393676758,1,115,46,23,1
RRTConnect,0.03898024559020996,1,110,44,22,1
RRTConnect,0.06126856803894043,1,80,32,16,1
RRTConnect,0.04730486869812012,1,130,52,26,1
RRTConnect,0.04254412651062012,1,70,28,14,1
RRTConnect,0.04571938514709473,1,95,38,19,1
RRTConnect,0.9990911483764648,1,90,36,18,1
RRTConnect,0.2182912826538086,1,85,34,17,1
RRTConnect,-3.54780650138855,1,110,44,22,1
RRTConnect,0.11856365203857422,1,125,50,25,1
RRTConnect,0.15907502174377441,1,125,50,25,1
RRTConnect,0.0844273567199707,1,75,30,15,1
RRTConnect,0.12072896957397461,1,75,30,15,1
RRTConnect,0.14386677742004395,1,90,36,18,1
RRTConnect,0.1238713264465332,1,85,34,17,1
RRTConnect,0.1220254898071289,1,95,38,19,1
RRTConnect,0.13008737564086914,1,70,28,14,1
RRTConnect,0.06001567840576172,1,80,32,16,1
RRTConnect,0.06096148490905762,1,90,36,18,1
RRTConnect,0.27373623847961426,1,0,0,0,0
RRTConnect,0.04382061958312988,1,90,36,18,1
RRTConnect,0.0656130313873291,1,95,38,19,1
RRTConnect,0.06783008575439453,1,100,40,20,1
RRTConnect,0.06868362426757812,1,120,48,24,1
RRTConnect,0.07451844215393066,1,100,40,20,1
RRTConnect,0.09360623359680176,1,85,34,17,1
RRTConnect,0.06966471672058105,1,125,50,25,1
RRTConnect,0.07854318618774414,1,100,40,20,1
RRTConnect,0.07282328605651855,1,80,32,16,1
RRTConnect,0.07237577438354492,1,90,36,18,1
RRTConnect,0.07398319244384766,1,110,44,22,1
RRTConnect,0.045992136001586914,1,85,34,17,1
RRTConnect,0.07297587394714355,1,100,40,20,1
RRTConnect,0.04972076416015625,1,90,36,18,1
RRTConnect,0.04341006278991699,1,85,34,17,1
RRTConnect,0.05767941474914551,1,130,52,26,1
RRTConnect,0.05831646919250488,1,105,42,21,1
RRTConnect,0.0647134780883789,1,125,50,25,1
RRTConnect,0.05646944046020508,1,85,34,17,1
RRTConnect,0.05362987518310547,1,90,36,18,1
RRTConnect,0.04152059555053711,1,100,40,20,1
RRTConnect,0.047296762466430664,1,95,38,19,1
RRTConnect,0.06056618690490723,1,115,46,23,1
